frame_index,timestamp_sec,class_id,class_name,confidence,x1,y1,x2,y2
0,0.0,2,car,0.855,377.06,178.52,402.7,196.23
0,0.0,2,car,0.6408,328.14,174.69,344.07,190.7
0,0.0,2,car,0.6118,173.32,186.41,232.66,232.38
0,0.0,2,car,0.3928,320.08,173.03,342.63,188.58
0,0.0,2,car,0.3393,143.37,180.64,161.81,189.49
0,0.0,2,car,0.3368,238.69,181.87,252.18,190.53
0,0.0,2,car,0.2934,25.92,179.82,46.5,188.56
0,0.0,2,car,0.2725,311.88,171.92,337.2,184.95
0,0.0,9,traffic light,0.2546,8.63,109.39,27.48,130.1
1,0.0333,2,car,0.849,377.14,178.36,402.47,195.99
1,0.0333,2,car,0.5891,328.77,174.29,343.87,190.46
1,0.0333,2,car,0.4435,237.15,181.37,251.97,190.71
1,0.0333,2,car,0.4403,171.01,186.23,229.84,231.37
1,0.0333,2,car,0.3935,315.99,172.69,342.29,188.15
1,0.0333,2,car,0.346,139.01,180.0,157.07,189.61
1,0.0333,2,car,0.2773,311.81,171.37,337.74,184.61
2,0.0667,2,car,0.8521,377.21,178.39,402.84,196.21
2,0.0667,2,car,0.6052,328.59,173.52,343.72,190.52
2,0.0667,2,car,0.5189,169.34,186.0,227.79,229.78
2,0.0667,2,car,0.48,237.19,181.6,251.5,190.4
2,0.0667,2,car,0.343,274.97,173.14,292.73,182.01
2,0.0667,2,car,0.3053,311.61,171.59,334.0,185.15
2,0.0667,2,car,0.2704,134.4,179.93,152.31,189.57
3,0.1,2,car,0.8412,377.18,178.38,403.21,196.75
3,0.1,2,car,0.5574,328.65,173.39,343.58,190.77
3,0.1,2,car,0.5557,167.67,184.96,225.68,228.5
3,0.1,2,car,0.3895,273.97,173.38,291.25,182.5
3,0.1,2,car,0.3768,236.8,182.02,251.32,190.46
3,0.1,2,car,0.2986,311.33,171.63,333.73,185.14
3,0.1,2,car,0.2618,130.16,179.47,147.75,189.7
4,0.1333,2,car,0.8417,377.17,178.43,403.59,196.36
4,0.1333,2,car,0.5506,328.26,174.39,343.19,190.54
4,0.1333,7,truck,0.4563,165.29,185.9,223.34,229.61
4,0.1333,2,car,0.3785,324.17,172.71,341.82,189.28
4,0.1333,2,car,0.3431,273.72,172.78,291.01,181.83
4,0.1333,2,car,0.3426,235.75,181.92,250.15,190.03
4,0.1333,2,car,0.3028,311.42,171.42,333.35,185.14
4,0.1333,2,car,0.28,165.03,186.07,218.89,228.43
5,0.1667,2,car,0.8373,377.25,178.07,403.78,196.39
5,0.1667,2,car,0.5232,328.07,176.57,342.27,190.47
5,0.1667,7,truck,0.4608,162.97,185.11,220.7,228.33
5,0.1667,2,car,0.3712,235.72,181.65,249.81,189.9
5,0.1667,2,car,0.3328,325.95,172.34,341.75,189.29
5,0.1667,2,car,0.2912,311.17,170.75,332.64,184.86
5,0.1667,2,car,0.2737,162.8,185.54,217.51,228.76
6,0.2,2,car,0.8109,377.2,178.47,404.27,196.6
6,0.2,2,car,0.5253,328.21,175.59,341.98,190.23
6,0.2,2,car,0.4054,161.15,185.65,216.56,218.92
6,0.2,2,car,0.3974,235.74,181.73,249.18,189.63
6,0.2,7,truck,0.3579,160.39,185.34,217.98,225.34
6,0.2,2,car,0.3458,325.42,172.36,341.8,189.71
6,0.2,2,car,0.303,311.25,170.79,332.6,185.13
7,0.2333,2,car,0.7999,377.35,178.3,404.31,197.05
7,0.2333,2,car,0.5596,159.65,185.79,217.64,221.09
7,0.2333,2,car,0.5256,327.96,175.77,341.93,190.3
7,0.2333,2,car,0.456,65.62,182.71,86.38,194.69
7,0.2333,2,car,0.3597,235.95,181.5,248.7,189.09
7,0.2333,2,car,0.3477,270.16,173.54,291.22,182.48
7,0.2333,2,car,0.3448,324.58,172.27,341.71,189.84
7,0.2333,2,car,0.2865,311.3,170.76,332.88,185.17
8,0.2667,2,car,0.7304,377.48,178.03,404.92,197.25
8,0.2667,2,car,0.539,327.76,176.31,341.9,190.26
8,0.2667,2,car,0.4454,157.81,186.01,215.46,221.73
8,0.2667,2,car,0.3597,235.54,181.21,247.64,189.12
8,0.2667,2,car,0.3201,59.14,183.07,78.65,194.55
8,0.2667,2,car,0.3154,325.24,172.26,341.66,189.76
8,0.2667,2,car,0.2745,270.45,173.19,290.28,181.9
8,0.2667,2,car,0.2505,311.08,170.53,333.29,184.84
9,0.3,2,car,0.6699,377.91,178.76,404.75,197.07
9,0.3,2,car,0.6116,155.94,185.85,212.99,224.14
9,0.3,2,car,0.5262,327.87,175.58,341.97,190.07
9,0.3,2,car,0.3797,235.06,181.35,247.61,189.29
9,0.3,2,car,0.253,270.02,173.02,289.35,181.53
10,0.3333,2,car,0.6668,378.25,179.27,405.18,197.47
10,0.3333,2,car,0.5934,154.46,185.81,212.21,223.88
10,0.3333,2,car,0.5178,327.9,175.52,341.95,190.17
10,0.3333,2,car,0.4478,234.59,181.01,247.33,189.38
10,0.3333,2,car,0.2799,85.81,178.22,113.89,192.78
11,0.3667,2,car,0.7282,152.17,185.56,211.17,220.44
11,0.3667,2,car,0.6507,378.31,179.66,405.45,197.49
11,0.3667,2,car,0.5349,327.97,175.56,341.94,190.19
11,0.3667,2,car,0.3962,234.0,180.83,247.12,189.56
11,0.3667,2,car,0.3009,269.57,172.64,290.02,181.29
12,0.4,2,car,0.6689,378.39,179.56,405.78,197.91
12,0.4,2,car,0.5723,150.41,186.96,206.55,220.52
12,0.4,2,car,0.4872,328.12,175.64,342.07,190.05
12,0.4,7,truck,0.3894,151.08,186.32,208.67,219.91
12,0.4,2,car,0.3693,233.3,180.95,247.04,189.72
12,0.4,2,car,0.306,326.34,172.02,342.06,189.83
12,0.4,2,car,0.303,269.91,172.84,289.29,180.98
12,0.4,2,car,0.2583,272.69,172.37,292.16,180.4
13,0.4333,2,car,0.6927,378.93,180.16,406.46,197.8
13,0.4333,2,car,0.5393,148.75,186.66,206.74,220.51
13,0.4333,2,car,0.4753,327.97,175.72,342.13,190.22
13,0.4333,2,car,0.4047,232.81,181.13,246.49,190.02
13,0.4333,2,car,0.404,268.84,173.16,286.3,181.48
13,0.4333,2,car,0.332,325.76,171.94,342.15,189.88
13,0.4333,2,car,0.2999,71.49,177.32,98.66,187.63
13,0.4333,2,car,0.2704,273.32,173.02,291.53,181.07
14,0.4667,2,car,0.7061,378.85,180.8,407.24,197.96
14,0.4667,2,car,0.5923,328.17,175.29,342.72,190.49
14,0.4667,2,car,0.4652,147.79,186.74,201.65,218.26
14,0.4667,2,car,0.41,378.42,179.04,395.13,197.04
14,0.4667,7,truck,0.3923,147.34,186.01,205.59,219.28
14,0.4667,2,car,0.3314,232.6,180.75,246.35,189.49
14,0.4667,2,car,0.3089,322.57,171.26,342.04,189.88
15,0.5,2,car,0.7532,378.86,180.71,407.58,198.22
15,0.5,2,car,0.5878,328.13,176.96,342.75,190.62
15,0.5,2,car,0.5454,145.01,186.91,204.86,218.7
15,0.5,2,car,0.3719,378.54,179.09,391.95,196.5
15,0.5,2,car,0.3319,313.86,170.37,341.97,189.73
15,0.5,2,car,0.2604,232.65,181.13,245.34,189.51
16,0.5333,2,car,0.7173,379.98,180.2,407.94,198.05
16,0.5333,2,car,0.5687,143.61,186.57,204.12,219.48
16,0.5333,2,car,0.5659,328.4,176.39,342.78,190.22
16,0.5333,2,car,0.3075,312.88,169.92,342.04,189.64
16,0.5333,2,car,0.2652,232.23,180.33,245.48,189.43
17,0.5667,2,car,0.6659,380.09,179.8,408.52,198.11
17,0.5667,2,car,0.5199,328.51,176.8,342.68,189.94
17,0.5667,2,car,0.4035,142.84,186.86,202.44,219.58
17,0.5667,2,car,0.3057,232.28,180.17,244.77,189.34
17,0.5667,2,car,0.2622,312.58,169.78,342.04,189.46
18,0.6,2,car,0.7646,379.23,178.96,408.8,198.41
18,0.6,2,car,0.5651,328.51,175.75,342.73,190.04
18,0.6,2,car,0.5446,140.5,186.45,200.73,216.66
18,0.6,2,car,0.4259,231.84,180.02,244.19,188.9
18,0.6,2,car,0.3123,319.96,170.7,342.1,189.64
19,0.6333,2,car,0.7863,379.7,178.62,409.27,198.4
19,0.6333,2,car,0.6138,328.78,176.28,343.14,190.04
19,0.6333,2,car,0.3974,139.35,186.42,198.3,219.42
19,0.6333,7,truck,0.3141,139.49,186.66,198.86,216.65
19,0.6333,2,car,0.28,324.31,170.71,342.46,189.66
19,0.6333,2,car,0.2749,231.17,180.83,242.95,189.06
20,0.6667,2,car,0.7872,379.99,178.08,409.62,198.03
20,0.6667,2,car,0.614,328.98,176.3,343.29,189.93
20,0.6667,2,car,0.5774,137.99,186.14,197.04,219.91
20,0.6667,2,car,0.2781,231.04,181.03,242.13,188.54
21,0.7,2,car,0.7489,380.18,178.01,410.95,197.84
21,0.7,2,car,0.6237,329.0,176.9,343.44,189.66
21,0.7,2,car,0.5084,134.58,185.81,196.61,219.38
22,0.7333,2,car,0.7126,379.95,177.89,411.69,197.76
22,0.7333,2,car,0.6072,328.94,177.32,343.61,189.75
22,0.7333,2,car,0.5774,133.13,185.57,194.99,219.35
23,0.7667,2,car,0.5802,379.68,177.98,412.29,197.88
23,0.7667,2,car,0.5637,329.11,177.29,343.81,189.54
23,0.7667,2,car,0.5608,133.08,186.6,193.35,218.05
23,0.7667,2,car,0.2504,21.11,176.46,47.15,186.03
24,0.8,2,car,0.5996,329.26,176.59,343.57,188.95
24,0.8,2,car,0.5826,379.74,178.08,412.96,198.19
24,0.8,2,car,0.4268,131.46,186.93,192.15,218.2
24,0.8,2,car,0.374,229.77,179.89,243.48,189.3
24,0.8,7,truck,0.3434,130.89,186.94,192.07,219.8
24,0.8,2,car,0.3429,178.32,185.95,200.37,201.53
25,0.8333,2,car,0.6239,130.27,186.56,191.11,216.71
25,0.8333,2,car,0.5779,329.28,175.6,343.46,188.58
25,0.8333,2,car,0.5591,385.35,179.15,413.4,198.74
25,0.8333,2,car,0.3245,229.54,179.22,242.87,189.35
25,0.8333,2,car,0.2889,174.83,185.91,199.97,201.38
26,0.8667,2,car,0.6456,385.53,179.99,413.58,198.75
26,0.8667,2,car,0.5468,329.36,175.83,343.69,188.81
26,0.8667,2,car,0.3561,129.28,186.83,176.88,210.85
26,0.8667,2,car,0.3437,128.85,186.76,191.08,213.49
26,0.8667,2,car,0.274,169.99,185.15,198.67,199.86
27,0.9,2,car,0.7111,386.57,179.98,414.49,198.85
27,0.9,2,car,0.5144,329.39,175.52,343.88,188.82
27,0.9,2,car,0.5126,126.21,186.34,191.11,214.42
27,0.9,2,car,0.3739,380.1,177.65,413.28,197.07
28,0.9333,2,car,0.6949,386.4,180.22,415.1,199.24
28,0.9333,2,car,0.6098,329.49,176.4,343.93,188.76
28,0.9333,2,car,0.3898,124.72,186.59,189.51,211.69
28,0.9333,2,car,0.3896,380.26,177.86,413.63,197.27
28,0.9333,2,car,0.3437,165.89,183.73,197.96,201.02
29,0.9667,2,car,0.6982,386.52,180.08,415.57,199.38
29,0.9667,2,car,0.531,329.54,177.44,343.93,189.47
29,0.9667,2,car,0.385,379.67,177.44,414.11,196.97
29,0.9667,2,car,0.3689,123.06,187.04,169.36,211.56
29,0.9667,2,car,0.3126,166.99,185.58,197.6,200.95
29,0.9667,2,car,0.2566,160.61,197.21,187.6,212.61
30,1.0,2,car,0.7074,387.19,179.77,415.92,199.42
30,1.0,2,car,0.4659,329.63,177.84,343.93,189.42
30,1.0,2,car,0.3736,379.47,177.49,414.16,195.95
31,1.0333,2,car,0.7729,388.51,180.17,416.78,199.76
31,1.0333,2,car,0.5125,329.59,177.12,344.15,189.65
31,1.0333,2,car,0.2974,379.39,177.77,396.71,191.31
31,1.0333,2,car,0.2535,120.85,187.07,163.05,209.99
32,1.0667,2,car,0.722,389.18,180.31,417.35,199.7
32,1.0667,2,car,0.5235,329.68,177.08,344.14,189.45
32,1.0667,2,car,0.275,379.15,177.68,395.84,190.43
33,1.1,2,car,0.6961,389.92,180.37,417.96,199.59
33,1.1,2,car,0.5349,329.75,177.22,344.22,189.38
33,1.1,2,car,0.3534,379.63,177.54,396.14,189.71
33,1.1,7,truck,0.2502,118.64,185.41,188.33,211.98
34,1.1333,2,car,0.6551,390.36,180.48,418.89,199.73
34,1.1333,2,car,0.5586,329.55,176.7,344.17,188.8
34,1.1333,2,car,0.3513,379.15,177.34,396.59,189.33
34,1.1333,7,truck,0.2919,117.64,185.88,188.18,212.31
34,1.1333,2,car,0.2622,116.28,185.83,186.64,212.89
35,1.1667,2,car,0.6625,390.39,180.54,420.01,199.21
35,1.1667,2,car,0.5494,329.63,176.46,344.14,188.77
35,1.1667,2,car,0.3787,379.1,176.62,397.5,188.58
36,1.2,2,car,0.7453,390.2,180.04,421.16,199.26
36,1.2,2,car,0.5487,329.64,175.43,344.32,188.72
36,1.2,2,car,0.4308,379.27,176.08,396.33,188.17
36,1.2,7,truck,0.3242,116.23,187.38,183.96,213.1
37,1.2333,2,car,0.6565,390.34,179.88,422.11,199.76
37,1.2333,2,car,0.5089,329.79,175.28,344.41,188.6
37,1.2333,2,car,0.4407,379.38,176.11,397.78,188.08
37,1.2333,7,truck,0.2811,116.55,187.8,189.26,213.09
38,1.2667,2,car,0.7413,392.09,180.94,421.96,200.35
38,1.2667,2,car,0.5562,379.4,175.98,399.37,187.91
38,1.2667,7,truck,0.5284,116.47,186.84,188.05,212.25
38,1.2667,2,car,0.5009,329.64,174.9,344.41,188.26
38,1.2667,2,car,0.2741,116.22,186.45,185.4,213.01
39,1.3,2,car,0.7446,392.39,181.11,422.49,200.32
39,1.3,2,car,0.5437,379.56,176.43,399.31,188.2
39,1.3,2,car,0.515,329.39,174.98,344.43,187.96
39,1.3,7,truck,0.4249,115.99,186.27,189.18,212.32
40,1.3333,2,car,0.7165,392.56,181.16,423.55,200.62
40,1.3333,2,car,0.5462,379.64,176.57,397.67,188.14
40,1.3333,2,car,0.5303,329.27,175.13,344.52,187.91
40,1.3333,7,truck,0.4398,116.76,185.14,187.95,212.13
41,1.3667,2,car,0.6652,393.03,180.83,423.86,201.03
41,1.3667,2,car,0.5657,379.89,176.55,398.59,188.2
41,1.3667,2,car,0.5205,329.63,175.21,344.88,187.93
41,1.3667,7,truck,0.4904,115.89,185.01,186.63,215.64
42,1.4,2,car,0.5913,393.15,180.72,424.12,201.19
42,1.4,2,car,0.5804,115.63,184.2,186.21,212.99
42,1.4,2,car,0.573,379.87,176.59,398.97,188.29
42,1.4,2,car,0.4923,329.45,175.4,345.06,187.97
42,1.4,7,truck,0.3407,116.04,184.67,186.7,213.19
43,1.4333,2,car,0.6658,114.57,183.77,185.96,212.83
43,1.4333,2,car,0.5968,379.87,176.42,399.51,188.41
43,1.4333,2,car,0.5426,393.93,179.91,424.94,200.7
43,1.4333,2,car,0.4798,329.25,175.55,345.1,188.03
44,1.4667,2,car,0.6387,379.99,176.55,399.36,188.51
44,1.4667,2,car,0.6012,394.82,179.91,425.71,201.03
44,1.4667,2,car,0.5428,115.96,185.83,184.66,211.91
44,1.4667,2,car,0.4769,329.14,175.39,345.15,188.11
44,1.4667,7,truck,0.3964,115.37,185.53,184.56,211.59
44,1.4667,9,traffic light,0.2877,56.35,204.54,70.14,231.71
45,1.5,2,car,0.6266,395.14,179.96,426.09,201.08
45,1.5,2,car,0.615,380.27,176.52,399.08,188.45
45,1.5,2,car,0.5033,116.14,186.26,184.01,210.72
45,1.5,2,car,0.4753,329.11,175.27,345.09,188.08
45,1.5,7,truck,0.4151,115.51,185.81,183.21,210.91
45,1.5,9,traffic light,0.273,16.79,206.49,33.23,239.79
45,1.5,2,car,0.2711,53.67,170.64,77.92,180.11
46,1.5333,2,car,0.6306,380.4,176.96,398.89,188.11
46,1.5333,2,car,0.5932,395.41,180.09,427.33,201.11
46,1.5333,2,car,0.452,118.88,184.89,184.22,210.68
46,1.5333,2,car,0.4492,329.28,174.79,345.03,187.9
46,1.5333,7,truck,0.3759,118.08,185.24,183.37,210.29
46,1.5333,2,car,0.3499,47.36,170.32,73.0,180.28
47,1.5667,2,car,0.686,395.73,179.89,428.24,200.57
47,1.5667,2,car,0.6667,380.6,176.79,398.56,187.98
47,1.5667,2,car,0.5331,117.05,183.95,184.13,211.06
47,1.5667,2,car,0.4583,329.17,174.45,344.91,187.67
47,1.5667,7,truck,0.3974,117.95,184.33,183.58,210.31
47,1.5667,2,car,0.3428,41.52,170.16,67.2,180.39
48,1.6,2,car,0.7321,380.46,176.14,398.43,187.67
48,1.6,2,car,0.6533,396.0,179.57,428.46,200.51
48,1.6,2,car,0.5782,118.25,184.54,184.58,210.63
48,1.6,2,car,0.4797,329.03,174.46,344.54,187.5
48,1.6,7,truck,0.3715,118.32,183.97,183.41,210.83
48,1.6,2,car,0.3644,33.66,169.78,61.32,180.36
49,1.6333,2,car,0.7566,380.59,176.24,398.5,187.5
49,1.6333,2,car,0.6336,396.86,178.89,429.25,200.52
49,1.6333,2,car,0.5979,119.06,184.42,184.28,210.83
49,1.6333,2,car,0.4409,329.24,174.15,344.66,187.5
49,1.6333,2,car,0.3128,26.89,169.45,55.67,180.41
50,1.6667,2,car,0.7259,380.44,176.18,398.77,187.58
50,1.6667,2,car,0.6137,397.39,179.47,429.66,200.06
50,1.6667,2,car,0.529,120.27,184.17,183.69,211.44
50,1.6667,2,car,0.4234,329.65,173.65,344.68,187.44
50,1.6667,2,car,0.2611,19.54,169.05,48.67,180.42
51,1.7,2,car,0.7216,380.29,176.22,398.93,187.57
51,1.7,2,car,0.6568,397.55,179.76,431.06,200.27
51,1.7,2,car,0.6114,122.4,184.24,183.97,214.44
51,1.7,2,car,0.4467,329.96,173.57,344.57,187.4
51,1.7,2,car,0.258,11.46,169.04,41.84,181.08
52,1.7333,2,car,0.6949,380.51,176.86,398.76,187.67
52,1.7333,2,car,0.6329,397.84,179.77,431.25,200.75
52,1.7333,2,car,0.5828,124.26,183.84,183.87,214.22
52,1.7333,2,car,0.4892,329.8,173.73,344.75,187.23
52,1.7333,2,car,0.3564,1.99,168.91,36.15,181.0
52,1.7333,2,car,0.2929,218.82,176.65,235.15,187.65
53,1.7667,2,car,0.7028,380.47,176.64,398.95,187.44
53,1.7667,2,car,0.6539,123.73,183.33,183.28,213.88
53,1.7667,2,car,0.6235,397.86,179.61,432.67,200.82
53,1.7667,2,car,0.5085,329.75,173.92,344.89,187.01
54,1.8,2,car,0.6753,380.59,176.7,398.62,187.39
54,1.8,2,car,0.591,399.08,179.71,433.18,201.15
54,1.8,2,car,0.4751,329.63,174.32,344.49,186.99
54,1.8,2,car,0.4041,124.3,183.25,182.46,212.06
55,1.8333,2,car,0.6768,380.59,176.78,398.65,187.43
55,1.8333,2,car,0.5742,400.17,179.71,433.91,201.19
55,1.8333,2,car,0.4714,329.71,174.22,344.48,187.03
56,1.8667,2,car,0.6105,380.2,176.96,397.96,187.42
56,1.8667,2,car,0.6097,400.68,180.04,434.79,201.37
56,1.8667,2,car,0.4607,329.62,174.01,344.52,187.03
56,1.8667,2,car,0.2629,125.96,183.81,181.84,211.14
57,1.9,2,car,0.5764,401.01,180.8,435.49,201.58
57,1.9,2,car,0.5359,379.96,177.43,398.29,187.56
57,1.9,2,car,0.4218,329.64,174.24,344.51,187.12
57,1.9,2,car,0.2982,127.64,183.6,175.52,213.14
58,1.9333,2,car,0.5211,401.35,180.51,437.13,202.03
58,1.9333,2,car,0.5155,379.67,177.55,397.48,187.86
58,1.9333,2,car,0.3529,329.64,172.74,344.58,187.37
58,1.9333,7,truck,0.3166,128.01,183.75,180.49,211.95
58,1.9333,2,car,0.2827,127.96,183.67,180.42,211.98
59,1.9667,2,car,0.5627,379.72,177.71,397.97,188.38
59,1.9667,2,car,0.5216,403.3,181.37,437.02,203.09
60,2.0,2,car,0.5536,379.77,177.83,398.39,189.12
60,2.0,2,car,0.5117,408.44,182.35,438.37,203.41
60,2.0,7,truck,0.2976,128.99,185.0,178.5,209.75
61,2.0333,2,car,0.6948,408.79,182.53,439.09,203.35
61,2.0333,2,car,0.5488,379.79,177.73,398.4,189.09
61,2.0333,7,truck,0.3201,128.67,184.09,178.28,209.29
61,2.0333,2,car,0.2756,128.97,183.89,178.18,209.44
62,2.0667,2,car,0.6747,407.0,182.62,439.52,203.47
62,2.0667,2,car,0.5222,379.64,177.68,398.26,188.93
62,2.0667,7,truck,0.2944,125.04,184.08,175.07,205.89
63,2.1,2,car,0.6818,406.17,182.06,440.05,203.6
63,2.1,2,car,0.5475,379.21,177.33,397.28,188.46
63,2.1,2,car,0.2699,25.39,173.81,57.88,184.64
64,2.1333,2,car,0.7218,406.73,181.4,440.69,203.61
64,2.1333,2,car,0.5498,378.96,176.96,397.0,187.72
65,2.1667,2,car,0.6256,408.22,181.01,441.62,203.58
65,2.1667,2,car,0.5755,379.14,177.03,396.86,187.68
66,2.2,2,car,0.513,379.19,177.13,396.75,187.57
66,2.2,2,car,0.4465,409.08,181.5,442.29,203.78
66,2.2,7,truck,0.2825,118.38,183.32,172.92,207.24
67,2.2333,2,car,0.5252,379.16,176.97,397.08,187.7
67,2.2333,2,car,0.382,411.13,181.26,443.4,203.68
67,2.2333,7,truck,0.3527,117.05,183.25,171.5,206.1
68,2.2667,2,car,0.5421,379.4,177.05,397.0,187.72
68,2.2667,2,car,0.4639,408.51,180.47,443.97,203.52
68,2.2667,7,truck,0.3484,116.17,182.53,169.77,205.74
69,2.3,2,car,0.5426,408.85,180.64,444.83,203.55
69,2.3,2,car,0.5224,379.31,177.16,397.2,187.65
69,2.3,7,truck,0.3937,114.34,182.6,169.35,205.23
70,2.3333,2,car,0.5631,409.26,180.97,445.37,203.65
70,2.3333,2,car,0.5321,379.42,177.19,397.15,187.51
70,2.3333,2,car,0.284,328.37,173.56,344.12,187.38
71,2.3667,2,car,0.5874,378.83,176.65,397.03,187.64
71,2.3667,2,car,0.5755,409.08,181.16,445.36,203.79
71,2.3667,2,car,0.3599,110.58,182.04,165.61,204.36
71,2.3667,2,car,0.3097,328.34,172.94,343.93,187.31
72,2.4,2,car,0.5054,408.69,181.03,446.11,204.03
72,2.4,2,car,0.4949,378.69,176.77,396.66,187.66
72,2.4,2,car,0.3881,109.88,182.14,163.0,204.11
72,2.4,2,car,0.3624,328.29,173.09,343.32,186.98
73,2.4333,2,car,0.6249,416.58,181.73,447.18,203.72
73,2.4333,2,car,0.4953,378.7,176.62,396.6,187.56
73,2.4333,2,car,0.445,108.39,182.44,161.83,204.4
73,2.4333,2,car,0.3733,328.29,173.2,343.32,186.97
73,2.4333,2,car,0.3199,408.82,181.14,430.24,201.42
74,2.4667,2,car,0.698,419.25,182.47,447.31,204.43
74,2.4667,2,car,0.5796,378.46,176.99,396.19,187.9
74,2.4667,2,car,0.361,129.35,183.57,159.34,202.48
74,2.4667,2,car,0.3534,108.31,182.97,158.62,204.07
74,2.4667,2,car,0.3391,205.76,171.78,225.03,188.12
74,2.4667,2,car,0.3365,409.19,182.26,427.98,201.66
74,2.4667,2,car,0.3299,327.9,173.63,343.12,186.89
74,2.4667,2,car,0.3001,409.25,181.59,447.01,203.94
74,2.4667,2,car,0.264,107.88,183.6,136.43,203.9
75,2.5,2,car,0.6719,417.85,182.4,447.77,204.55
75,2.5,2,car,0.5768,378.36,176.94,396.1,187.75
75,2.5,2,car,0.4226,107.93,183.1,157.63,204.83
75,2.5,2,car,0.3713,409.53,182.44,427.54,201.61
75,2.5,2,car,0.3165,327.82,173.92,343.31,186.94
76,2.5333,2,car,0.615,418.75,182.37,448.08,204.38
76,2.5333,2,car,0.5787,106.39,182.76,157.63,204.94
76,2.5333,2,car,0.578,379.07,176.2,396.24,187.51
76,2.5333,2,car,0.3325,409.77,182.6,428.15,201.45
77,2.5667,2,car,0.5793,416.39,181.86,448.47,204.25
77,2.5667,2,car,0.5193,378.57,176.52,395.96,187.55
77,2.5667,2,car,0.2639,410.43,182.63,427.42,201.45
77,2.5667,2,car,0.2542,327.65,171.22,343.26,186.14
78,2.6,2,car,0.5127,416.2,181.33,448.79,204.14
78,2.6,2,car,0.5081,378.09,176.47,395.94,187.13
78,2.6,2,car,0.3538,327.84,171.25,343.61,185.86
79,2.6333,2,car,0.6192,377.43,176.15,395.2,186.47
79,2.6333,2,car,0.4945,417.04,180.59,449.17,203.71
79,2.6333,2,car,0.307,327.38,170.8,343.53,185.6
80,2.6667,2,car,0.6096,376.83,175.98,395.18,186.11
80,2.6667,2,car,0.4054,412.29,180.26,449.86,203.72
80,2.6667,2,car,0.3045,327.41,170.75,343.65,185.52
81,2.7,2,car,0.6573,377.14,176.04,395.08,186.01
81,2.7,2,car,0.416,411.36,179.53,450.36,203.55
81,2.7,2,car,0.333,326.89,170.65,343.73,185.46
82,2.7333,2,car,0.6319,376.78,176.03,394.97,186.15
82,2.7333,2,car,0.4826,411.84,179.16,451.25,203.65
82,2.7333,2,car,0.3106,326.94,171.98,343.53,185.45
83,2.7667,2,car,0.5402,412.33,178.81,451.94,203.41
83,2.7667,2,car,0.5336,377.75,175.58,394.36,185.92
84,2.8,2,car,0.6132,378.35,175.82,394.7,186.03
84,2.8,2,car,0.5176,412.98,178.69,452.28,202.49
85,2.8333,2,car,0.5835,377.75,175.57,394.02,186.0
85,2.8333,2,car,0.5074,413.05,178.89,452.87,202.79
86,2.8667,2,car,0.5421,412.52,178.89,452.81,203.08
86,2.8667,2,car,0.5253,377.58,175.81,394.07,186.33
87,2.9,2,car,0.4661,412.71,179.66,453.82,203.38
87,2.9,2,car,0.4381,377.45,176.44,394.58,186.95
88,2.9333,2,car,0.4637,412.63,180.14,453.15,203.42
88,2.9333,2,car,0.35,377.32,176.31,394.21,187.85
89,2.9667,2,car,0.7838,363.75,136.85,466.96,179.98
89,2.9667,9,traffic light,0.7235,338.24,79.7,343.84,96.41
89,2.9667,9,traffic light,0.6894,286.92,78.18,295.93,96.44
89,2.9667,2,car,0.5453,594.07,148.41,627.7,168.21
89,2.9667,9,traffic light,0.3697,422.94,44.06,434.03,68.35
89,2.9667,2,car,0.3562,615.42,144.91,639.79,170.32
89,2.9667,9,traffic light,0.3067,237.48,76.97,244.81,93.27
89,2.9667,2,car,0.2739,31.08,155.06,49.23,167.17
90,3.0,2,car,0.7787,357.91,136.22,468.8,181.26
90,3.0,9,traffic light,0.71,335.46,78.65,342.55,95.13
90,3.0,9,traffic light,0.5576,233.75,76.36,240.49,92.3
90,3.0,9,traffic light,0.5342,283.39,76.43,292.77,96.37
90,3.0,2,car,0.5053,616.47,143.8,639.69,169.93
90,3.0,2,car,0.4767,597.22,146.28,627.04,166.92
90,3.0,9,traffic light,0.2822,478.44,93.89,495.61,112.65
90,3.0,2,car,0.2748,319.07,143.27,339.49,154.02
91,3.0333,2,car,0.7925,355.53,135.86,476.03,182.47
91,3.0333,9,traffic light,0.7486,336.03,76.67,343.24,93.14
91,3.0333,2,car,0.5678,620.46,146.65,639.71,169.63
91,3.0333,9,traffic light,0.5226,282.75,74.87,292.73,94.8
91,3.0333,2,car,0.4641,318.99,143.69,337.96,153.88
91,3.0333,2,car,0.3978,604.14,145.8,632.52,166.91
91,3.0333,9,traffic light,0.3932,231.99,75.05,238.8,91.16
91,3.0333,2,car,0.3653,301.65,143.55,318.04,154.14
91,3.0333,2,car,0.3485,235.61,144.48,248.74,154.64
91,3.0333,2,car,0.3065,551.95,166.68,630.05,209.37
92,3.0667,2,car,0.7309,351.29,135.57,478.36,182.81
92,3.0667,9,traffic light,0.6624,282.39,72.83,291.99,93.1
92,3.0667,9,traffic light,0.5581,337.71,75.75,343.42,91.91
92,3.0667,9,traffic light,0.4985,230.84,73.35,237.46,89.2
92,3.0667,2,car,0.4549,319.23,144.04,337.56,153.89
92,3.0667,2,car,0.3912,588.3,148.26,638.61,169.0
92,3.0667,2,car,0.3712,625.2,153.01,639.76,170.49
92,3.0667,9,traffic light,0.3573,493.59,83.76,513.73,109.08
92,3.0667,2,car,0.3519,301.65,143.83,318.1,154.06
92,3.0667,2,car,0.2532,602.85,146.16,638.98,168.82
92,3.0667,2,car,0.2529,615.46,147.54,639.81,170.44
93,3.1,9,traffic light,0.7955,336.41,73.94,343.27,90.97
93,3.1,2,car,0.7422,348.95,135.35,487.68,184.63
93,3.1,9,traffic light,0.7315,279.88,72.21,289.76,91.98
93,3.1,2,car,0.5676,593.05,148.1,639.7,171.38
93,3.1,9,traffic light,0.4584,227.57,70.97,235.72,88.66
93,3.1,2,car,0.4473,320.12,145.16,337.26,154.22
93,3.1,2,car,0.3606,301.32,144.83,317.73,154.47
93,3.1,2,car,0.2707,235.5,144.53,248.33,155.08
94,3.1333,9,traffic light,0.8007,277.59,71.75,287.74,91.32
94,3.1333,2,car,0.7539,343.87,135.25,487.88,185.79
94,3.1333,9,traffic light,0.7063,224.66,69.63,231.69,87.18
94,3.1333,9,traffic light,0.6358,335.46,72.59,342.33,89.65
94,3.1333,9,traffic light,0.4473,426.75,46.49,438.45,72.43
94,3.1333,2,car,0.3325,597.5,147.89,639.57,170.92
94,3.1333,2,car,0.332,317.93,145.4,337.18,154.78
94,3.1333,2,car,0.3129,233.76,144.01,248.14,155.31
95,3.1667,9,traffic light,0.6099,333.98,71.67,340.6,88.83
95,3.1667,2,car,0.5837,338.85,150.41,393.42,187.2
95,3.1667,9,traffic light,0.5015,274.41,67.79,285.01,90.56
95,3.1667,2,car,0.483,339.07,134.82,488.01,186.13
95,3.1667,9,traffic light,0.4508,220.2,68.0,228.43,86.21
95,3.1667,2,car,0.4369,481.07,132.84,548.1,180.54
95,3.1667,9,traffic light,0.4347,427.44,41.7,439.55,71.39
95,3.1667,2,car,0.3657,0.26,155.2,26.08,169.55
95,3.1667,2,car,0.2526,0.06,154.34,15.29,169.41
96,3.2,2,car,0.7357,332.62,133.71,483.24,187.91
96,3.2,9,traffic light,0.6387,216.62,66.08,223.88,84.54
96,3.2,9,traffic light,0.6152,271.58,68.14,282.26,88.22
96,3.2,9,traffic light,0.5864,429.07,42.43,441.86,68.4
96,3.2,9,traffic light,0.5493,331.56,69.86,340.0,87.9
96,3.2,2,car,0.4799,484.19,135.98,559.6,181.33
97,3.2333,9,traffic light,0.7697,270.05,64.19,281.02,87.41
97,3.2333,2,car,0.7179,327.87,133.12,489.03,188.84
97,3.2333,9,traffic light,0.6307,331.59,67.48,339.65,85.86
97,3.2333,9,traffic light,0.5948,214.07,64.39,221.39,82.85
97,3.2333,2,car,0.5518,606.0,148.28,639.75,171.63
97,3.2333,2,car,0.4065,481.79,141.71,572.51,181.22
97,3.2333,9,traffic light,0.2896,432.47,41.2,444.79,66.14
98,3.2667,9,traffic light,0.7311,331.52,65.47,338.92,83.96
98,3.2667,2,car,0.6771,322.43,131.84,491.2,189.55
98,3.2667,9,traffic light,0.6175,268.11,62.65,279.09,85.62
98,3.2667,7,truck,0.5082,323.51,132.31,488.45,187.86
98,3.2667,2,car,0.4721,614.67,151.85,639.73,172.41
98,3.2667,9,traffic light,0.4434,210.91,62.47,217.8,80.29
98,3.2667,2,car,0.4158,481.29,137.43,535.73,177.52
99,3.3,9,traffic light,0.7742,330.68,63.16,336.92,81.19
99,3.3,9,traffic light,0.7194,265.9,58.61,276.53,83.34
99,3.3,2,car,0.6464,316.22,129.34,490.61,190.58
99,3.3,7,truck,0.6299,315.92,129.81,490.35,190.36
99,3.3,9,traffic light,0.5064,437.3,29.32,450.93,59.55
99,3.3,9,traffic light,0.501,452.77,0.68,468.93,32.09
99,3.3,2,car,0.3808,629.05,151.49,639.78,171.74
99,3.3,9,traffic light,0.3737,207.85,60.32,215.4,78.74
99,3.3,2,car,0.3617,225.6,141.63,241.38,152.9
100,3.3333,9,traffic light,0.8734,328.21,60.37,335.93,79.66
100,3.3333,2,car,0.7596,309.73,127.69,490.52,192.22
100,3.3333,9,traffic light,0.6618,262.38,57.04,273.43,81.37
100,3.3333,7,truck,0.6513,309.88,127.69,489.7,192.15
100,3.3333,5,bus,0.5555,482.57,128.83,562.66,183.15
100,3.3333,9,traffic light,0.5137,457.11,0.76,473.46,25.86
100,3.3333,9,traffic light,0.445,438.26,25.69,451.81,55.69
100,3.3333,9,traffic light,0.3584,202.03,55.67,210.29,76.54
101,3.3667,9,traffic light,0.8192,326.89,58.82,334.59,77.62
101,3.3667,9,traffic light,0.7276,258.99,55.12,271.24,80.19
101,3.3667,7,truck,0.6831,301.19,126.67,487.38,193.48
101,3.3667,2,car,0.6413,301.11,127.16,488.7,194.1
101,3.3667,9,traffic light,0.5409,198.47,55.42,207.03,73.92
101,3.3667,5,bus,0.4715,482.11,127.41,578.37,185.08
101,3.3667,2,car,0.3699,622.63,153.68,638.48,174.14
101,3.3667,7,truck,0.3451,481.76,127.36,579.95,184.9
101,3.3667,9,traffic light,0.3428,441.58,19.51,455.85,52.13
101,3.3667,9,traffic light,0.2789,462.86,0.73,479.4,21.99
101,3.3667,2,car,0.2505,222.06,142.89,236.38,152.59
102,3.4,9,traffic light,0.7527,325.68,55.95,334.35,75.44
102,3.4,5,bus,0.7183,482.27,127.15,593.54,187.82
102,3.4,9,traffic light,0.7053,257.27,51.19,269.16,77.77
102,3.4,7,truck,0.633,292.93,125.84,488.57,195.1
102,3.4,2,car,0.5526,292.48,125.38,488.74,195.44
102,3.4,9,traffic light,0.542,194.0,51.52,202.57,72.38
102,3.4,9,traffic light,0.3427,446.05,17.02,459.38,48.1
102,3.4,2,car,0.3322,628.28,155.1,639.72,173.38
102,3.4,9,traffic light,0.2982,464.74,0.52,485.69,16.43
103,3.4333,9,traffic light,0.7883,254.31,49.66,266.54,75.81
103,3.4333,2,car,0.6983,283.15,123.65,489.33,196.05
103,3.4333,9,traffic light,0.6185,324.43,53.84,333.87,74.4
103,3.4333,7,truck,0.6122,282.9,123.91,489.21,196.38
103,3.4333,9,traffic light,0.6024,191.09,49.02,199.58,70.96
103,3.4333,5,bus,0.4079,495.74,127.54,607.42,189.18
103,3.4333,9,traffic light,0.3083,448.14,7.92,463.98,44.4
103,3.4333,7,truck,0.2656,496.26,127.73,607.84,188.76
104,3.4667,7,truck,0.7582,273.75,121.12,490.3,197.16
104,3.4667,9,traffic light,0.7511,323.44,51.44,332.01,71.84
104,3.4667,9,traffic light,0.7102,250.93,47.52,262.83,73.45
104,3.4667,7,truck,0.5902,496.66,125.66,611.01,189.17
104,3.4667,9,traffic light,0.5862,186.2,46.67,194.26,68.89
104,3.4667,2,car,0.5138,273.23,121.0,490.31,197.22
104,3.4667,2,car,0.2549,219.18,139.91,232.62,151.04
105,3.5,9,traffic light,0.8164,246.75,45.6,259.59,72.15
105,3.5,9,traffic light,0.7955,320.58,48.29,329.21,69.78
105,3.5,7,truck,0.7139,260.31,120.47,488.43,198.0
105,3.5,7,truck,0.5759,481.3,124.19,614.63,190.24
105,3.5,2,car,0.5105,261.22,120.35,489.02,198.32
105,3.5,9,traffic light,0.4878,179.7,45.14,189.13,66.94
106,3.5333,9,traffic light,0.8328,243.87,43.54,257.07,70.54
106,3.5333,7,truck,0.8254,248.98,117.51,486.8,200.06
106,3.5333,9,traffic light,0.8127,319.49,46.87,328.42,68.34
106,3.5333,9,traffic light,0.7051,176.31,42.63,186.14,65.19
106,3.5333,7,truck,0.6286,480.17,122.92,617.81,191.43
106,3.5333,0,person,0.2682,608.38,148.02,619.61,175.48
106,3.5333,9,traffic light,0.2559,453.72,0.78,473.14,34.28
107,3.5667,7,truck,0.8663,236.93,116.51,486.33,203.55
107,3.5667,9,traffic light,0.8327,242.43,41.53,255.77,68.94
107,3.5667,9,traffic light,0.8009,319.44,45.37,328.6,66.05
107,3.5667,7,truck,0.7183,485.93,121.28,625.97,193.52
107,3.5667,9,traffic light,0.6501,173.09,41.1,183.03,64.24
107,3.5667,9,traffic light,0.2667,459.55,0.79,479.55,30.42
108,3.6,7,truck,0.8469,223.11,114.97,486.74,206.82
108,3.6,7,truck,0.8456,494.95,119.31,631.51,196.41
108,3.6,9,traffic light,0.8376,317.39,42.6,326.54,64.45
108,3.6,9,traffic light,0.7589,167.71,38.35,177.1,62.23
108,3.6,9,traffic light,0.7297,238.31,40.18,252.37,66.81
108,3.6,9,traffic light,0.4758,463.56,0.26,483.4,23.37
108,3.6,0,person,0.464,481.48,135.97,496.56,168.21
109,3.6333,9,traffic light,0.8723,234.46,36.67,248.19,65.86
109,3.6333,9,traffic light,0.8067,315.6,40.24,324.84,63.39
109,3.6333,7,truck,0.7943,206.68,114.13,484.27,211.02
109,3.6333,9,traffic light,0.7083,162.44,37.02,171.95,61.97
109,3.6333,7,truck,0.6295,492.93,118.76,634.27,198.51
109,3.6333,2,car,0.3799,206.97,113.76,483.19,210.84
109,3.6333,9,traffic light,0.2728,466.57,0.18,487.67,20.0
110,3.6667,9,traffic light,0.8607,158.1,35.82,167.29,60.17
110,3.6667,9,traffic light,0.8417,313.93,38.74,323.44,61.83
110,3.6667,9,traffic light,0.8308,231.64,36.23,245.12,64.55
110,3.6667,7,truck,0.8179,191.51,112.73,482.81,215.85
110,3.6667,7,truck,0.5765,494.84,118.39,637.71,202.06
110,3.6667,2,car,0.4318,191.89,112.92,482.96,216.67
110,3.6667,9,traffic light,0.2743,473.64,0.81,492.55,18.23
110,3.6667,7,truck,0.2552,0.19,120.21,108.49,163.68
111,3.7,9,traffic light,0.8283,227.31,33.87,241.68,63.33
111,3.7,7,truck,0.8245,172.28,111.79,481.84,222.29
111,3.7,9,traffic light,0.8214,153.54,33.64,162.73,58.88
111,3.7,9,traffic light,0.82,311.82,37.74,321.49,60.23
111,3.7,7,truck,0.4378,473.13,117.7,639.55,207.26
111,3.7,5,bus,0.4254,473.23,118.0,639.56,207.22
112,3.7333,7,truck,0.8518,148.38,111.02,476.51,228.9
112,3.7333,9,traffic light,0.842,310.57,36.98,320.38,59.87
112,3.7333,9,traffic light,0.8106,224.75,31.72,239.35,63.3
112,3.7333,7,truck,0.7328,490.51,118.27,639.29,210.57
112,3.7333,9,traffic light,0.5894,147.61,30.85,158.48,58.35
112,3.7333,7,truck,0.3548,0.0,134.35,26.01,166.82
112,3.7333,7,truck,0.3314,0.06,122.76,102.21,165.89
113,3.7667,7,truck,0.8797,128.24,109.79,477.84,234.49
113,3.7667,7,truck,0.8191,493.0,117.51,639.41,215.26
113,3.7667,9,traffic light,0.8082,220.19,31.34,236.07,62.77
113,3.7667,9,traffic light,0.7993,308.57,34.44,319.26,59.34
113,3.7667,9,traffic light,0.6493,143.49,30.48,153.4,56.62
113,3.7667,7,truck,0.3693,0.24,122.41,100.84,166.24
114,3.8,7,truck,0.8232,491.39,116.67,639.74,219.28
114,3.8,9,traffic light,0.8181,216.33,29.6,231.57,59.97
114,3.8,7,truck,0.816,102.42,107.6,474.62,240.39
114,3.8,9,traffic light,0.7406,306.75,32.62,316.37,56.78
114,3.8,9,traffic light,0.6,137.27,30.09,147.67,55.23
114,3.8,7,truck,0.3498,0.05,132.97,18.52,165.96
114,3.8,7,truck,0.3372,0.17,121.82,100.25,166.31
115,3.8333,9,traffic light,0.8297,210.63,28.65,226.43,60.2
115,3.8333,7,truck,0.7646,75.74,104.91,469.53,248.75
115,3.8333,9,traffic light,0.7508,302.85,31.94,312.86,56.6
115,3.8333,9,traffic light,0.6129,129.81,28.21,141.72,55.89
115,3.8333,7,truck,0.5699,485.3,116.21,639.85,222.56
115,3.8333,7,truck,0.2891,0.29,123.88,96.48,166.84
116,3.8667,7,truck,0.8567,43.06,103.52,460.99,253.28
116,3.8667,9,traffic light,0.8519,301.62,29.83,312.85,55.78
116,3.8667,9,traffic light,0.8198,208.25,25.89,223.92,59.0
116,3.8667,7,truck,0.7284,483.62,114.92,639.71,226.61
116,3.8667,9,traffic light,0.6574,126.46,26.44,136.52,53.41
117,3.9,7,truck,0.8627,9.48,99.2,454.11,261.49
117,3.9,9,traffic light,0.8385,300.64,27.58,312.13,53.18
117,3.9,9,traffic light,0.7834,204.41,24.37,221.31,56.85
117,3.9,9,traffic light,0.6892,121.0,23.37,132.47,51.6
117,3.9,7,truck,0.5298,478.0,112.06,639.71,233.31
117,3.9,5,bus,0.3438,476.56,110.92,640.0,233.36
118,3.9333,7,truck,0.84,1.8,94.4,445.73,269.27
118,3.9333,9,traffic light,0.8212,200.33,21.85,216.21,55.22
118,3.9333,9,traffic light,0.7566,298.37,24.9,308.79,52.44
118,3.9333,9,traffic light,0.6696,116.25,22.92,126.85,49.71
118,3.9333,7,truck,0.4587,438.99,110.85,639.87,237.4
118,3.9333,5,bus,0.3696,437.47,110.86,639.94,237.97
119,3.9667,9,traffic light,0.8884,195.65,17.47,212.03,51.91
119,3.9667,7,truck,0.8781,0.33,86.41,437.2,277.24
119,3.9667,9,traffic light,0.7695,295.88,21.61,307.12,48.67
119,3.9667,9,traffic light,0.699,110.23,19.13,121.23,47.16
119,3.9667,5,bus,0.3672,446.01,108.03,640.0,241.65
119,3.9667,7,truck,0.3318,461.48,108.09,639.86,241.52
119,3.9667,0,person,0.2987,174.09,103.26,219.05,141.79
120,4.0,7,truck,0.9016,0.5,80.77,429.08,285.19
120,4.0,9,traffic light,0.8184,190.83,15.48,207.97,49.96
120,4.0,9,traffic light,0.8085,293.01,19.09,304.21,47.18
120,4.0,9,traffic light,0.7487,103.24,15.11,114.42,44.7
120,4.0,5,bus,0.5564,442.7,104.22,639.98,250.64
120,4.0,7,truck,0.2739,452.93,104.1,639.8,250.13
121,4.0333,7,truck,0.8656,0.33,79.09,413.05,297.1
121,4.0333,9,traffic light,0.8499,185.93,12.26,203.17,47.63
121,4.0333,9,traffic light,0.7033,290.54,15.37,301.88,44.17
121,4.0333,9,traffic light,0.5561,96.46,14.44,108.72,42.72
121,4.0333,7,truck,0.4925,407.08,99.25,639.83,257.39
121,4.0333,5,bus,0.4916,407.09,99.54,640.0,257.21
122,4.0667,9,traffic light,0.8735,180.72,8.9,198.13,45.18
122,4.0667,5,bus,0.7749,448.18,94.82,639.72,264.97
122,4.0667,9,traffic light,0.7682,287.59,13.43,299.1,41.35
122,4.0667,7,truck,0.7515,0.27,70.52,399.49,298.97
122,4.0667,9,traffic light,0.5786,90.43,11.03,102.27,40.44
123,4.1,9,traffic light,0.8575,176.65,7.02,194.45,41.9
123,4.1,5,bus,0.8377,440.4,86.13,639.93,272.13
123,4.1,9,traffic light,0.774,285.81,9.22,297.56,38.4
123,4.1,9,traffic light,0.7311,84.94,7.98,97.1,37.31
123,4.1,7,truck,0.3032,0.84,55.83,387.11,285.79
156,5.2,7,truck,0.2884,189.21,222.65,278.26,264.81
159,5.3,7,truck,0.2759,176.67,222.54,279.41,264.79
160,5.3333,7,truck,0.3043,172.28,222.15,279.46,264.04
160,5.3333,7,truck,0.2732,205.41,222.51,279.35,262.93
161,5.3667,7,truck,0.4104,199.36,221.82,279.61,265.31
161,5.3667,2,car,0.3672,198.83,222.1,279.5,266.1
165,5.5,2,car,0.4239,139.86,218.97,282.97,274.19
168,5.6,7,truck,0.41,108.56,216.34,286.48,283.3
169,5.6333,7,truck,0.3636,98.23,214.78,288.7,296.25
170,5.6667,2,car,0.5711,85.85,214.83,292.08,279.88
171,5.7,2,car,0.5079,70.08,215.78,295.07,279.29
171,5.7,7,truck,0.3371,69.74,216.37,295.09,278.94
172,5.7333,7,truck,0.7113,52.19,215.81,298.77,290.17
172,5.7333,2,car,0.3662,52.99,215.56,298.68,289.6
173,5.7667,7,truck,0.6304,32.41,215.38,303.26,296.01
173,5.7667,2,car,0.4114,29.85,214.46,304.22,294.3
174,5.8,7,truck,0.7448,0.68,214.12,309.95,325.2
175,5.8333,2,car,0.4337,125.1,212.62,316.85,299.49
176,5.8667,7,truck,0.6423,0.55,211.56,324.52,323.81
177,5.9,7,truck,0.5498,0.68,209.5,338.6,317.84
178,5.9333,7,truck,0.5859,0.98,207.71,346.77,316.78
178,5.9333,2,car,0.3908,40.94,208.53,344.47,311.01
179,5.9667,7,truck,0.646,1.92,203.53,358.82,318.2
179,5.9667,2,car,0.5121,30.52,203.79,357.58,308.33
180,6.0,2,car,0.5504,15.83,196.84,375.26,340.92
180,6.0,7,truck,0.5446,1.35,196.42,373.28,326.38
181,6.0333,5,bus,0.4215,0.06,187.22,397.35,354.87
182,6.0667,7,truck,0.4246,327.29,176.63,389.91,232.35
182,6.0667,2,car,0.3116,327.3,176.96,389.63,232.37
183,6.1,2,car,0.4986,327.62,176.29,392.29,228.34
183,6.1,2,car,0.2557,132.77,185.85,162.8,210.3
184,6.1333,2,car,0.5493,328.42,175.92,394.59,231.18
184,6.1333,2,car,0.3057,129.77,188.31,156.21,210.86
185,6.1667,2,car,0.5177,326.6,175.72,396.68,232.3
186,6.2,2,car,0.5575,326.46,174.57,399.21,233.39
187,6.2333,2,car,0.4513,327.71,174.42,402.6,235.55
188,6.2667,2,car,0.398,330.62,173.67,405.35,235.77
188,6.2667,2,car,0.3872,74.92,246.07,622.06,356.38
188,6.2667,7,truck,0.2958,330.83,173.91,405.01,235.67
189,6.3,2,car,0.3767,74.44,243.34,621.47,356.34
189,6.3,7,truck,0.3424,334.67,173.23,407.27,235.78
189,6.3,2,car,0.3112,334.83,173.35,407.13,235.61
190,6.3333,2,car,0.3231,333.71,172.72,410.76,236.51
190,6.3333,7,truck,0.3081,333.76,172.68,410.85,237.24
190,6.3333,2,car,0.2563,74.09,244.21,635.83,354.29
191,6.3667,7,truck,0.2812,332.37,172.44,413.72,235.67
195,6.5,7,truck,0.5032,331.22,165.53,427.38,240.18
195,6.5,2,car,0.4623,331.12,165.48,427.75,240.43
196,6.5333,2,car,0.5294,331.24,163.18,431.95,240.06
196,6.5333,7,truck,0.4288,332.04,163.82,431.19,239.3
197,6.5667,7,truck,0.5963,331.89,161.14,435.61,238.64
197,6.5667,2,car,0.4097,330.78,160.55,435.73,238.76
198,6.6,7,truck,0.565,333.07,158.66,438.56,240.31
198,6.6,2,car,0.5178,332.12,159.11,438.45,239.98
199,6.6333,2,car,0.6317,328.56,156.8,443.04,239.52
199,6.6333,7,truck,0.3894,330.86,156.66,442.89,239.61
200,6.6667,2,car,0.6227,325.24,153.18,448.55,241.3
200,6.6667,7,truck,0.5629,327.49,153.56,448.28,241.12
200,6.6667,2,car,0.3818,322.4,161.12,339.93,177.19
201,6.7,2,car,0.6779,323.22,151.85,451.71,242.76
201,6.7,7,truck,0.4363,325.29,151.83,451.1,242.36
201,6.7,2,car,0.3362,321.37,160.08,339.46,176.42
201,6.7,7,truck,0.257,30.64,165.41,70.49,203.83
202,6.7333,2,car,0.6143,323.49,150.77,455.31,244.05
202,6.7333,7,truck,0.4358,329.11,150.67,454.82,243.61
202,6.7333,2,car,0.2701,320.34,158.87,340.15,175.63
203,6.7667,2,car,0.5625,321.03,148.17,458.68,246.36
203,6.7667,7,truck,0.5202,322.38,147.82,459.8,245.59
203,6.7667,2,car,0.254,319.58,157.41,337.38,174.15
204,6.8,7,truck,0.5663,326.6,147.79,464.06,247.57
204,6.8,2,car,0.3093,317.15,157.65,338.32,174.63
205,6.8333,7,truck,0.728,319.04,145.58,467.65,252.06
206,6.8667,7,truck,0.7817,315.87,145.58,473.07,253.87
206,6.8667,2,car,0.2536,315.09,158.26,337.04,175.1
207,6.9,7,truck,0.8102,313.74,145.3,477.72,258.19
207,6.9,2,car,0.3406,314.77,158.41,336.87,175.74
208,6.9333,7,truck,0.6577,313.91,144.57,481.07,263.27
208,6.9333,2,car,0.3747,313.67,158.88,334.78,175.8
208,6.9333,2,car,0.2855,308.69,157.89,334.74,229.29
209,6.9667,7,truck,0.6414,309.18,144.39,485.87,269.53
210,7.0,7,truck,0.6034,307.18,143.95,490.83,273.58
210,7.0,2,car,0.4162,307.63,144.38,491.31,273.52
210,7.0,2,car,0.3321,306.38,158.24,331.84,232.63
210,7.0,2,car,0.2582,306.31,158.38,331.85,176.31
211,7.0333,7,truck,0.6651,303.27,145.14,495.27,277.35
212,7.0667,7,truck,0.681,300.02,143.67,500.67,283.86
213,7.1,7,truck,0.753,295.33,143.51,505.93,288.91
214,7.1333,7,truck,0.7142,290.62,142.97,507.65,289.25
215,7.1667,7,truck,0.7381,285.01,143.27,514.98,290.96
224,7.4667,9,traffic light,0.3951,319.61,128.39,327.52,141.08
230,7.6667,2,car,0.3112,141.82,205.61,218.92,263.99
231,7.7,2,car,0.328,134.16,207.38,211.23,264.33
232,7.7333,2,car,0.3286,125.53,207.46,207.77,264.53
232,7.7333,9,traffic light,0.2666,145.79,170.13,154.68,185.21
233,7.7667,9,traffic light,0.3456,191.95,162.42,202.71,189.19
234,7.8,7,truck,0.3627,528.91,208.05,639.66,277.7
234,7.8,9,traffic light,0.3291,188.34,163.0,199.69,186.85
234,7.8,9,traffic light,0.2611,187.31,163.03,200.65,192.42
235,7.8333,9,traffic light,0.3515,183.62,164.43,193.97,185.98
235,7.8333,0,person,0.2753,525.35,235.99,534.79,265.43
236,7.8667,9,traffic light,0.3684,178.21,163.27,187.79,186.78
236,7.8667,9,traffic light,0.33,179.79,162.58,190.19,186.4
238,7.9333,9,traffic light,0.3269,109.31,160.46,120.12,181.42
239,7.9667,2,car,0.2735,126.01,196.93,168.75,238.4
239,7.9667,9,traffic light,0.2614,101.41,158.99,113.08,181.97
240,8.0,0,person,0.2733,504.97,233.51,515.19,262.48
241,8.0333,9,traffic light,0.2819,144.52,161.94,158.62,181.86
242,8.0667,9,traffic light,0.4782,135.39,158.47,147.21,179.18
242,8.0667,2,car,0.3156,90.35,191.5,144.64,233.16
242,8.0667,2,car,0.2627,182.25,193.2,208.28,209.83
242,8.0667,7,truck,0.2606,493.2,199.5,627.14,270.98
243,8.1,9,traffic light,0.463,126.12,149.86,138.09,177.82
243,8.1,2,car,0.2626,79.6,189.89,133.09,234.17
244,8.1333,2,car,0.2779,0.01,192.98,19.58,236.15
244,8.1333,9,traffic light,0.2722,149.22,160.73,162.13,182.66
245,8.1667,9,traffic light,0.3887,589.5,203.42,601.02,224.91
245,8.1667,9,traffic light,0.3594,141.81,160.11,152.27,180.47
245,8.1667,9,traffic light,0.322,104.63,158.71,116.35,178.68
246,8.2,9,traffic light,0.3709,579.35,198.1,593.27,228.17
246,8.2,9,traffic light,0.2935,93.16,145.62,104.49,183.88
247,8.2333,2,car,0.4304,135.14,190.1,172.42,224.47
247,8.2333,9,traffic light,0.4037,118.65,161.8,130.77,180.93
247,8.2333,9,traffic light,0.3495,78.99,148.54,90.66,180.73
247,8.2333,9,traffic light,0.2713,569.18,192.01,583.23,223.5
248,8.2667,9,traffic light,0.2958,13.85,192.59,48.94,235.63
249,8.3,2,car,0.4162,110.85,195.17,147.81,228.68
249,8.3,2,car,0.2594,219.52,162.43,273.26,200.95
252,8.4,0,person,0.3881,538.89,213.75,558.42,269.45
252,8.4,0,person,0.2858,465.33,180.82,476.23,209.64
253,8.4333,0,person,0.4476,543.23,211.71,561.91,262.0
253,8.4333,0,person,0.4422,477.03,179.38,488.05,221.07
255,8.5,9,traffic light,0.3052,266.23,169.05,313.41,212.0
255,8.5,9,traffic light,0.3014,98.19,159.13,113.58,204.54
257,8.5667,9,traffic light,0.5549,128.94,160.12,142.77,192.7
257,8.5667,9,traffic light,0.3436,289.38,171.02,337.57,200.23
258,8.6,9,traffic light,0.3605,71.45,168.71,88.1,189.43
258,8.6,9,traffic light,0.3374,141.14,157.78,153.26,187.17
261,8.7,2,car,0.3339,118.06,198.64,170.83,241.87
262,8.7333,2,car,0.2691,138.73,200.14,174.08,237.35
262,8.7333,9,traffic light,0.2573,31.18,163.5,41.17,176.92
263,8.7667,2,car,0.2616,136.11,195.67,198.7,245.24
264,8.8,9,traffic light,0.3557,191.94,159.23,207.32,185.07
265,8.8333,9,traffic light,0.4261,199.67,159.28,209.97,184.89
266,8.8667,9,traffic light,0.5104,207.0,158.13,218.1,184.05
266,8.8667,9,traffic light,0.2966,150.78,170.03,160.49,186.56
266,8.8667,2,car,0.2965,281.66,192.09,301.45,202.17
267,8.9,9,traffic light,0.3208,214.76,160.32,225.54,185.58
268,8.9333,9,traffic light,0.3339,222.31,160.91,233.0,186.77
268,8.9333,2,car,0.2596,180.86,198.02,226.92,247.83
269,8.9667,2,car,0.2785,281.95,199.47,304.16,222.01
269,8.9667,9,traffic light,0.2652,228.47,162.42,238.45,187.92
269,8.9667,2,car,0.2651,302.57,192.92,320.55,206.8
269,8.9667,9,traffic light,0.2565,175.62,175.85,184.0,188.97
270,9.0,9,traffic light,0.293,233.09,162.6,242.04,190.44
271,9.0333,2,car,0.2879,308.79,192.17,327.13,203.63
273,9.1,9,traffic light,0.3986,241.09,163.52,249.09,186.63
275,9.1667,2,car,0.7992,0.15,184.68,113.46,314.7
275,9.1667,9,traffic light,0.7235,524.21,29.85,549.53,103.15
275,9.1667,9,traffic light,0.6538,555.62,39.58,584.02,103.55
275,9.1667,2,car,0.6513,491.39,177.62,518.57,199.37
275,9.1667,0,person,0.4067,318.99,167.61,328.43,198.83
275,9.1667,2,car,0.2505,515.44,167.93,564.9,198.44
276,9.2,2,car,0.7922,0.15,184.52,113.44,314.58
276,9.2,9,traffic light,0.7302,524.27,30.02,549.4,103.48
276,9.2,2,car,0.6599,491.17,178.03,518.54,199.57
276,9.2,9,traffic light,0.6004,555.65,39.7,584.02,104.03
276,9.2,0,person,0.4003,317.56,167.73,327.31,198.85
276,9.2,9,traffic light,0.3629,557.26,40.1,582.57,89.29
277,9.2333,2,car,0.8,0.14,185.22,113.5,314.64
277,9.2333,9,traffic light,0.726,524.26,30.01,549.41,103.53
277,9.2333,2,car,0.6556,491.17,177.99,518.55,199.55
277,9.2333,9,traffic light,0.6179,555.61,39.7,584.02,104.09
277,9.2333,0,person,0.3908,317.52,167.71,327.21,198.51
277,9.2333,9,traffic light,0.3653,557.23,40.1,582.57,90.09
277,9.2333,2,car,0.3055,504.9,226.99,639.73,355.15
278,9.2667,2,car,0.8088,0.16,185.55,113.49,314.51
278,9.2667,9,traffic light,0.7164,524.24,30.0,549.48,103.62
278,9.2667,2,car,0.6635,491.13,178.1,518.54,199.55
278,9.2667,9,traffic light,0.6293,555.56,39.7,584.02,104.21
278,9.2667,0,person,0.3892,317.54,167.7,327.2,198.53
278,9.2667,9,traffic light,0.3591,557.2,40.11,582.58,90.25
278,9.2667,2,car,0.252,515.35,168.15,564.8,198.79
279,9.3,2,car,0.8212,0.15,184.48,113.64,314.35
279,9.3,9,traffic light,0.6987,524.31,29.98,549.44,103.59
279,9.3,2,car,0.675,491.27,177.78,518.54,199.5
279,9.3,9,traffic light,0.6593,556.01,40.3,583.54,104.11
279,9.3,0,person,0.4308,318.59,167.41,328.04,198.6
279,9.3,2,car,0.3299,515.22,168.12,564.27,197.88
279,9.3,2,car,0.292,483.36,201.3,639.73,354.97
279,9.3,0,person,0.2772,316.99,166.8,325.89,198.41
279,9.3,0,person,0.2546,317.83,166.53,331.07,197.97
280,9.3333,2,car,0.8211,0.15,184.69,113.64,314.3
280,9.3333,9,traffic light,0.7003,556.62,40.18,583.68,103.07
280,9.3333,9,traffic light,0.6871,524.26,29.8,549.48,103.25
280,9.3333,2,car,0.6649,491.36,177.59,518.8,199.67
280,9.3333,0,person,0.4267,318.56,167.61,328.19,198.44
280,9.3333,2,car,0.3815,515.31,168.18,565.21,197.56
280,9.3333,0,person,0.2753,316.9,166.9,326.16,198.27
280,9.3333,0,person,0.2695,317.84,166.7,331.11,197.7
280,9.3333,2,car,0.2691,473.4,178.36,639.72,353.72
280,9.3333,2,car,0.2569,575.65,175.8,623.82,207.59
280,9.3333,2,car,0.2513,515.82,169.09,550.84,198.11
281,9.3667,2,car,0.8112,0.15,184.5,113.68,314.35
281,9.3667,9,traffic light,0.7044,556.83,40.18,583.69,102.7
281,9.3667,9,traffic light,0.6699,524.34,29.87,549.36,103.41
281,9.3667,2,car,0.6479,491.34,176.58,518.76,199.63
281,9.3667,2,car,0.468,515.3,168.08,565.56,197.23
281,9.3667,0,person,0.3792,317.39,167.57,327.56,197.97
281,9.3667,2,car,0.2896,466.96,171.43,639.78,355.09
281,9.3667,2,car,0.2883,576.55,174.7,611.89,202.68
281,9.3667,2,car,0.2567,575.62,176.51,622.21,201.27
282,9.4,2,car,0.8115,0.15,184.23,113.72,314.4
282,9.4,2,car,0.7549,455.86,158.93,639.62,354.85
282,9.4,9,traffic light,0.7076,557.34,40.13,583.68,102.32
282,9.4,9,traffic light,0.6647,524.33,29.87,549.39,103.02
282,9.4,2,car,0.6515,491.46,176.66,518.78,199.52
282,9.4,2,car,0.4556,515.67,167.64,567.62,198.07
282,9.4,0,person,0.3722,317.37,167.55,327.29,197.26
282,9.4,2,car,0.3021,575.18,175.4,605.4,202.21
283,9.4333,2,car,0.8169,0.16,184.17,113.83,314.48
283,9.4333,9,traffic light,0.6777,557.36,39.94,583.71,102.44
283,9.4333,9,traffic light,0.6699,524.39,29.79,549.41,102.73
283,9.4333,2,car,0.6355,491.49,176.05,518.77,199.5
283,9.4333,2,car,0.5992,447.3,151.21,639.65,355.36
283,9.4333,2,car,0.3712,515.4,168.12,566.91,198.18
283,9.4333,0,person,0.3476,317.45,167.59,327.24,196.57
283,9.4333,9,traffic light,0.2838,524.67,29.98,546.69,82.97
284,9.4667,2,car,0.8181,0.17,184.13,113.88,314.51
284,9.4667,9,traffic light,0.6839,524.28,29.8,549.61,102.51
284,9.4667,9,traffic light,0.6711,557.15,39.43,584.17,102.83
284,9.4667,2,car,0.6433,491.44,176.14,518.75,199.42
284,9.4667,2,car,0.5791,436.43,146.98,639.68,355.22
284,9.4667,2,car,0.4771,515.69,167.3,570.18,197.7
284,9.4667,0,person,0.3703,318.16,168.68,327.42,196.78
284,9.4667,9,traffic light,0.3121,558.84,39.34,582.19,88.92
284,9.4667,9,traffic light,0.31,524.61,29.93,546.88,82.62
284,9.4667,5,bus,0.2696,348.89,90.14,566.31,196.2
285,9.5,2,car,0.8182,0.17,184.06,113.88,314.69
285,9.5,2,car,0.8068,428.31,143.52,639.62,355.35
285,9.5,9,traffic light,0.6615,524.23,29.75,549.57,102.28
285,9.5,9,traffic light,0.6612,557.21,39.24,584.22,102.81
285,9.5,2,car,0.5984,491.13,176.15,518.73,199.5
285,9.5,0,person,0.4088,317.99,168.18,327.81,196.84
285,9.5,5,bus,0.366,348.94,89.94,565.69,196.59
285,9.5,9,traffic light,0.3432,524.5,29.8,546.88,82.37
285,9.5,9,traffic light,0.3256,559.17,39.17,582.12,87.67
286,9.5333,2,car,0.8319,0.16,183.88,113.93,314.67
286,9.5333,2,car,0.7454,423.69,141.96,639.69,353.95
286,9.5333,9,traffic light,0.6627,524.12,29.69,549.58,101.86
286,9.5333,9,traffic light,0.6466,557.41,39.18,584.28,102.19
286,9.5333,2,car,0.6391,490.98,175.87,518.69,199.19
286,9.5333,5,bus,0.4236,348.61,90.23,564.74,196.61
286,9.5333,0,person,0.4212,317.87,168.04,327.65,196.9
286,9.5333,9,traffic light,0.3396,524.35,29.76,546.99,82.2
286,9.5333,9,traffic light,0.3346,559.19,39.01,582.12,87.49
286,9.5333,2,car,0.2534,515.32,166.9,550.89,197.62
287,9.5667,2,car,0.83,0.15,183.6,113.91,314.71
287,9.5667,2,car,0.7573,418.72,138.67,639.72,355.39
287,9.5667,9,traffic light,0.6405,524.08,29.73,549.53,101.56
287,9.5667,9,traffic light,0.6283,557.63,39.0,584.31,101.92
287,9.5667,2,car,0.5981,490.86,175.23,518.44,198.71
287,9.5667,5,bus,0.5388,348.83,90.51,564.25,196.19
287,9.5667,0,person,0.4293,317.78,168.31,327.42,196.67
287,9.5667,9,traffic light,0.4089,524.5,29.52,549.49,80.66
287,9.5667,2,car,0.4017,515.19,166.37,552.22,197.41
287,9.5667,9,traffic light,0.3616,559.38,38.87,582.15,86.33
288,9.6,2,car,0.834,0.15,183.57,113.86,314.69
288,9.6,9,traffic light,0.6838,557.72,39.42,583.77,102.3
288,9.6,2,car,0.6598,414.05,137.1,639.69,354.57
288,9.6,9,traffic light,0.6343,524.22,29.64,549.71,101.41
288,9.6,2,car,0.5972,490.8,175.03,518.19,199.03
288,9.6,5,bus,0.4229,348.94,90.81,563.56,196.15
288,9.6,0,person,0.4096,317.86,168.57,327.27,196.52
288,9.6,9,traffic light,0.3472,524.26,29.71,546.97,82.03
288,9.6,9,traffic light,0.2942,560.08,39.08,581.39,81.89
288,9.6,2,car,0.2572,515.31,166.77,544.58,196.1
289,9.6333,2,car,0.835,0.15,183.65,113.87,314.66
289,9.6333,2,car,0.7412,410.77,136.97,639.74,354.45
289,9.6333,9,traffic light,0.6816,557.67,39.43,583.79,102.29
289,9.6333,9,traffic light,0.6363,523.99,29.62,549.74,101.34
289,9.6333,2,car,0.52,491.27,176.12,518.24,198.57
289,9.6333,5,bus,0.4775,349.17,90.42,564.75,196.42
289,9.6333,0,person,0.4075,317.88,168.8,327.34,196.52
289,9.6333,9,traffic light,0.3019,523.6,29.42,547.71,83.24
289,9.6333,9,traffic light,0.2747,559.34,38.82,582.19,86.63
290,9.6667,2,car,0.8311,0.16,183.91,113.9,314.66
290,9.6667,2,car,0.7324,407.57,137.39,639.71,352.08
290,9.6667,9,traffic light,0.6795,557.71,39.44,583.77,102.14
290,9.6667,9,traffic light,0.6405,523.96,29.64,549.8,101.38
290,9.6667,5,bus,0.4682,349.11,90.5,564.73,196.45
290,9.6667,0,person,0.423,317.93,168.71,327.42,196.49
290,9.6667,2,car,0.3247,490.51,175.63,518.93,197.89
290,9.6667,9,traffic light,0.3039,523.49,29.44,547.67,83.03
290,9.6667,9,traffic light,0.2787,559.36,38.81,582.17,86.24
291,9.7,2,car,0.8382,0.15,184.18,113.82,314.38
291,9.7,2,car,0.6982,404.76,137.25,639.75,352.87
291,9.7,9,traffic light,0.6801,557.72,39.45,583.79,102.1
291,9.7,9,traffic light,0.6428,523.99,29.62,549.82,101.38
291,9.7,5,bus,0.4739,349.18,90.39,564.52,196.81
291,9.7,0,person,0.4691,317.9,168.56,328.27,196.45
291,9.7,9,traffic light,0.2967,560.12,39.1,581.38,81.85
291,9.7,9,traffic light,0.2844,523.53,29.42,547.66,83.34
292,9.7333,2,car,0.8314,0.16,184.43,113.82,314.67
292,9.7333,2,car,0.7539,401.67,136.73,639.75,354.19
292,9.7333,9,traffic light,0.668,557.44,39.6,583.87,102.21
292,9.7333,9,traffic light,0.6576,523.76,28.56,552.23,100.38
292,9.7333,5,bus,0.4897,349.0,90.52,564.12,196.55
292,9.7333,0,person,0.4547,317.67,167.83,327.94,196.8
292,9.7333,9,traffic light,0.368,524.14,29.65,547.06,82.53
292,9.7333,9,traffic light,0.321,559.89,39.21,581.6,82.59
293,9.7667,2,car,0.8304,0.15,184.34,113.78,314.72
293,9.7667,2,car,0.7807,399.4,137.8,639.89,349.29
293,9.7667,9,traffic light,0.667,557.23,39.51,583.86,101.85
293,9.7667,9,traffic light,0.6478,523.86,28.65,552.16,100.25
293,9.7667,5,bus,0.4453,348.08,89.45,564.01,196.4
293,9.7667,0,person,0.4423,317.95,168.72,328.22,196.66
293,9.7667,9,traffic light,0.3438,523.76,29.46,547.71,84.1
293,9.7667,9,traffic light,0.3151,559.74,39.23,581.55,82.32
294,9.8,2,car,0.8326,0.15,184.36,113.74,314.53
294,9.8,2,car,0.8201,397.66,137.66,639.56,354.8
294,9.8,9,traffic light,0.6802,557.25,39.61,583.87,102.23
294,9.8,9,traffic light,0.6708,524.02,29.61,549.73,101.56
294,9.8,0,person,0.4304,317.94,169.08,328.08,196.62
294,9.8,5,bus,0.4276,348.31,89.75,564.28,196.26
294,9.8,9,traffic light,0.3007,523.66,29.46,547.79,84.78
294,9.8,9,traffic light,0.2739,560.14,39.32,581.34,82.21
295,9.8333,2,car,0.8334,0.15,184.4,113.74,314.3
295,9.8333,2,car,0.8225,395.7,138.06,639.54,354.25
295,9.8333,9,traffic light,0.6836,523.57,28.68,552.3,100.54
295,9.8333,9,traffic light,0.6826,557.26,39.7,583.91,102.3
295,9.8333,0,person,0.4372,317.86,169.02,327.9,196.51
295,9.8333,5,bus,0.3163,348.3,89.62,565.36,195.94
295,9.8333,9,traffic light,0.2855,523.61,29.46,547.84,84.86
296,9.8667,2,car,0.8343,0.15,184.42,113.74,314.24
296,9.8667,2,car,0.7751,395.74,138.45,639.8,352.53
296,9.8667,9,traffic light,0.6717,524.14,29.62,549.7,101.89
296,9.8667,9,traffic light,0.6644,556.22,39.31,584.4,102.62
296,9.8667,0,person,0.4538,317.85,168.53,328.03,196.5
296,9.8667,5,bus,0.278,348.22,89.72,564.32,195.92
296,9.8667,9,traffic light,0.2729,523.72,29.43,547.77,84.6
296,9.8667,9,traffic light,0.2614,559.9,39.53,581.23,82.3
297,9.9,2,car,0.8371,0.15,184.53,113.7,314.27
297,9.9,2,car,0.7801,394.95,138.17,640.0,344.91
297,9.9,9,traffic light,0.6731,557.29,39.88,583.99,101.57
297,9.9,9,traffic light,0.6724,524.16,29.63,549.68,101.87
297,9.9,0,person,0.3511,317.43,169.36,327.39,196.3
297,9.9,9,traffic light,0.2723,523.75,29.41,547.79,84.96
298,9.9333,2,car,0.8356,0.15,184.5,113.71,314.26
298,9.9333,2,car,0.7978,394.3,138.67,639.97,350.93
298,9.9333,9,traffic light,0.6882,524.15,29.63,549.76,101.81
298,9.9333,9,traffic light,0.6685,557.26,39.89,583.97,101.6
298,9.9333,0,person,0.3371,317.3,169.05,327.28,196.22
299,9.9667,2,car,0.834,0.15,184.5,113.73,314.22
299,9.9667,2,car,0.7513,393.09,139.91,639.96,345.73
299,9.9667,9,traffic light,0.6858,524.14,29.64,549.72,101.87
299,9.9667,9,traffic light,0.6717,557.14,39.88,583.97,101.82
299,9.9667,0,person,0.3443,317.31,169.27,327.32,196.46
299,9.9667,9,traffic light,0.256,524.12,29.72,546.94,83.48
300,10.0,2,car,0.834,0.15,184.5,113.73,314.22
300,10.0,2,car,0.7471,392.51,140.48,639.73,346.26
300,10.0,9,traffic light,0.6879,524.13,29.63,549.73,101.88
300,10.0,9,traffic light,0.6737,557.21,39.92,583.94,101.72
300,10.0,0,person,0.3429,317.32,169.34,327.31,196.47
300,10.0,9,traffic light,0.2608,524.13,29.73,546.89,83.42
301,10.0333,2,car,0.8337,0.15,184.5,113.73,314.23
301,10.0333,2,car,0.7583,392.03,140.57,639.92,350.66
301,10.0333,9,traffic light,0.6837,523.98,29.58,550.62,100.62
301,10.0333,9,traffic light,0.6713,557.18,39.9,583.96,101.71
301,10.0333,0,person,0.3416,317.28,169.1,327.31,196.47
301,10.0333,9,traffic light,0.271,523.74,29.42,547.73,85.23
302,10.0667,2,car,0.8326,0.15,184.5,113.74,314.3
302,10.0667,2,car,0.7442,390.32,140.43,639.77,352.01
302,10.0667,9,traffic light,0.6797,524.15,29.64,549.6,101.92
302,10.0667,9,traffic light,0.6729,557.17,39.9,583.91,101.81
302,10.0667,0,person,0.3396,317.19,168.8,327.13,196.09
302,10.0667,9,traffic light,0.2869,523.76,29.43,547.71,85.09
303,10.1,2,car,0.8307,0.15,184.52,113.74,314.27
303,10.1,2,car,0.7543,390.16,139.57,639.79,353.59
303,10.1,9,traffic light,0.6876,523.95,29.61,550.65,100.62
303,10.1,9,traffic light,0.6737,557.33,39.93,583.98,101.66
303,10.1,0,person,0.3373,317.11,168.95,327.05,196.09
303,10.1,9,traffic light,0.2539,523.73,29.4,547.79,85.6
304,10.1333,2,car,0.8316,0.15,184.53,113.75,314.27
304,10.1333,2,car,0.7461,389.31,138.59,639.94,353.77
304,10.1333,9,traffic light,0.6794,523.96,29.62,550.48,100.65
304,10.1333,9,traffic light,0.6693,557.45,39.96,583.99,101.54
304,10.1333,0,person,0.3423,317.16,169.06,327.05,196.07
304,10.1333,5,bus,0.295,348.24,90.6,562.67,195.08
304,10.1333,9,traffic light,0.2659,523.73,29.43,547.74,85.3
305,10.1667,2,car,0.8324,0.15,184.53,113.77,314.25
305,10.1667,2,car,0.716,387.41,136.02,639.62,355.55
305,10.1667,9,traffic light,0.6878,523.94,29.57,550.58,100.59
305,10.1667,9,traffic light,0.6657,557.47,39.97,584.0,101.53
305,10.1667,0,person,0.349,317.18,169.17,327.05,196.1
305,10.1667,5,bus,0.3081,348.32,90.73,561.23,194.92
306,10.2,2,car,0.8321,0.15,184.53,113.77,314.25
306,10.2,2,car,0.7128,387.21,137.41,639.76,354.81
306,10.2,9,traffic light,0.6823,523.95,29.57,550.53,100.63
306,10.2,9,traffic light,0.6759,557.57,39.98,584.02,101.56
306,10.2,0,person,0.3494,317.18,169.09,327.05,196.11
306,10.2,5,bus,0.3225,348.3,90.71,562.27,194.94
306,10.2,0,person,0.2657,519.44,135.41,602.6,230.14
307,10.2333,2,car,0.8327,0.15,184.53,113.77,314.24
307,10.2333,2,car,0.811,387.1,138.55,639.67,355.63
307,10.2333,9,traffic light,0.6814,523.95,29.56,550.61,100.71
307,10.2333,9,traffic light,0.679,557.49,39.96,583.98,101.59
307,10.2333,0,person,0.4342,518.96,140.73,602.27,231.36
307,10.2333,0,person,0.3495,317.18,169.12,327.05,196.1
307,10.2333,5,bus,0.2711,348.39,90.7,564.26,194.92
308,10.2667,2,car,0.8331,0.15,184.53,113.77,314.22
308,10.2667,2,car,0.7867,387.2,138.7,639.58,355.54
308,10.2667,9,traffic light,0.6784,523.91,29.54,550.61,100.63
308,10.2667,9,traffic light,0.6721,556.87,39.12,583.97,98.92
308,10.2667,0,person,0.3487,317.18,169.09,327.05,196.09
309,10.3,2,car,0.8334,0.15,184.53,113.77,314.24
309,10.3,2,car,0.7268,387.05,138.51,639.57,355.81
309,10.3,9,traffic light,0.6726,556.83,39.1,583.99,99.06
309,10.3,9,traffic light,0.667,523.91,29.54,550.62,100.61
309,10.3,0,person,0.3485,317.19,168.91,327.04,196.1
309,10.3,9,traffic light,0.2567,524.14,29.69,547.06,84.31
310,10.3333,2,car,0.8332,0.15,184.53,113.77,314.25
310,10.3333,2,car,0.7412,387.29,138.06,639.6,355.66
310,10.3333,9,traffic light,0.6717,524.14,29.59,549.79,101.81
310,10.3333,9,traffic light,0.6712,557.53,39.98,583.96,101.48
310,10.3333,0,person,0.3442,317.31,169.09,327.22,195.97
310,10.3333,9,traffic light,0.2502,524.13,29.71,547.0,84.32
311,10.3667,2,car,0.8332,0.15,184.53,113.77,314.25
311,10.3667,2,car,0.7852,387.36,139.53,639.62,355.34
311,10.3667,9,traffic light,0.6735,523.89,29.58,550.7,100.62
311,10.3667,9,traffic light,0.6714,557.46,39.99,583.93,101.39
311,10.3667,0,person,0.3518,317.49,169.7,327.35,195.96
311,10.3667,9,traffic light,0.2644,524.11,29.73,546.98,84.26
312,10.4,2,car,0.8357,0.15,184.51,113.78,314.39
312,10.4,2,car,0.7613,387.48,139.81,639.64,355.0
312,10.4,9,traffic light,0.6863,523.89,29.54,550.75,100.67
312,10.4,9,traffic light,0.6703,557.36,39.96,583.92,101.45
312,10.4,0,person,0.3342,317.65,170.78,327.34,195.95
312,10.4,0,person,0.266,561.85,169.17,606.46,229.82
312,10.4,9,traffic light,0.2508,524.1,29.72,546.93,84.27
313,10.4333,2,car,0.8351,0.15,184.51,113.77,314.39
313,10.4333,2,car,0.7632,387.29,139.58,639.63,355.43
313,10.4333,9,traffic light,0.6761,523.89,29.53,550.7,100.65
313,10.4333,9,traffic light,0.6587,557.41,39.97,583.94,101.48
313,10.4333,0,person,0.3349,316.97,171.82,327.07,196.32
313,10.4333,9,traffic light,0.2646,524.1,29.71,546.99,84.29
314,10.4667,2,car,0.8353,0.15,184.51,113.77,314.39
314,10.4667,2,car,0.7816,387.15,140.21,639.59,355.19
314,10.4667,9,traffic light,0.6835,523.89,29.52,550.78,100.65
314,10.4667,9,traffic light,0.6637,557.35,39.95,583.93,101.59
314,10.4667,0,person,0.3389,317.06,171.6,327.1,196.35
314,10.4667,9,traffic light,0.2623,524.1,29.7,547.01,84.41
315,10.5,2,car,0.8352,0.15,184.51,113.77,314.39
315,10.5,2,car,0.7644,387.09,139.83,639.58,355.06
315,10.5,9,traffic light,0.6785,523.58,28.66,552.23,100.39
315,10.5,9,traffic light,0.6543,557.36,39.95,583.93,101.82
315,10.5,0,person,0.339,317.06,171.61,327.1,196.35
315,10.5,0,person,0.3104,554.62,174.7,606.5,228.86
315,10.5,9,traffic light,0.281,524.09,29.68,547.15,84.85
316,10.5333,2,car,0.8352,0.15,184.52,113.77,314.37
316,10.5333,2,car,0.7627,387.19,140.17,639.59,354.95
316,10.5333,9,traffic light,0.6819,523.58,28.66,552.36,100.55
316,10.5333,9,traffic light,0.6561,557.35,39.97,583.92,101.75
316,10.5333,0,person,0.3792,558.57,174.34,607.19,230.82
316,10.5333,0,person,0.3396,317.06,171.55,327.11,196.35
316,10.5333,9,traffic light,0.2684,524.09,29.69,547.15,84.83
317,10.5667,2,car,0.8352,0.15,184.52,113.77,314.37
317,10.5667,2,car,0.7464,386.95,138.87,639.62,355.19
317,10.5667,9,traffic light,0.6813,523.56,28.63,552.32,100.48
317,10.5667,9,traffic light,0.6463,557.32,39.95,583.97,101.99
317,10.5667,0,person,0.3389,557.49,174.34,605.21,229.06
317,10.5667,0,person,0.3388,317.06,171.53,327.11,196.34
318,10.6,2,car,0.8352,0.15,184.52,113.77,314.37
318,10.6,2,car,0.7121,387.15,138.96,639.66,354.63
318,10.6,9,traffic light,0.6814,523.57,28.64,552.34,100.55
318,10.6,9,traffic light,0.6455,556.69,39.03,584.03,99.68
318,10.6,0,person,0.3389,317.06,171.55,327.11,196.34
318,10.6,9,traffic light,0.3053,524.1,29.65,547.29,85.36
318,10.6,2,car,0.2625,388.53,144.88,629.61,301.97
319,10.6333,2,car,0.6815,193.88,65.51,635.5,347.86
319,10.6333,0,person,0.2618,414.98,118.16,453.76,214.06
320,10.6667,2,car,0.6961,149.76,2.39,639.55,353.83
320,10.6667,0,person,0.6232,52.34,121.6,67.26,160.75
320,10.6667,0,person,0.3281,416.55,119.38,460.71,206.58
320,10.6667,0,person,0.3107,368.15,118.2,459.94,216.47
320,10.6667,0,person,0.2631,64.5,123.0,73.67,157.37
321,10.7,2,car,0.7687,187.71,57.94,638.65,351.83
321,10.7,0,person,0.6202,52.34,121.77,67.28,160.67
321,10.7,0,person,0.3703,368.68,118.36,459.53,216.44
321,10.7,0,person,0.2992,416.52,119.45,460.54,206.89
321,10.7,0,person,0.2793,64.29,123.06,73.5,157.14
321,10.7,0,person,0.2588,371.52,180.05,433.95,215.94
322,10.7333,2,car,0.7862,187.28,53.29,639.11,351.74
322,10.7333,0,person,0.627,52.29,121.74,67.3,160.72
322,10.7333,0,person,0.4183,368.42,118.43,459.54,216.44
322,10.7333,0,person,0.3229,416.3,119.66,460.56,207.85
322,10.7333,0,person,0.2798,371.36,180.08,433.34,215.88
322,10.7333,0,person,0.2762,64.1,122.99,73.15,157.28
323,10.7667,2,car,0.7678,187.14,51.3,638.92,351.39
323,10.7667,0,person,0.6397,52.25,121.65,67.25,160.83
323,10.7667,0,person,0.3615,369.26,118.57,459.7,215.72
323,10.7667,0,person,0.3131,415.99,119.51,460.23,208.51
323,10.7667,0,person,0.2865,371.38,180.07,433.29,215.82
323,10.7667,0,person,0.269,64.06,122.92,73.03,157.58
324,10.8,2,car,0.793,187.21,60.46,638.72,351.73
324,10.8,0,person,0.6379,52.24,121.69,67.18,160.56
324,10.8,0,person,0.369,369.76,118.51,460.38,215.69
324,10.8,0,person,0.3198,415.79,119.38,460.77,207.54
324,10.8,0,person,0.2757,371.53,180.08,433.42,215.85
324,10.8,0,person,0.2703,64.35,122.97,73.35,157.11
325,10.8333,2,car,0.7995,187.5,57.96,638.7,351.13
325,10.8333,0,person,0.638,52.24,121.71,67.18,160.56
325,10.8333,0,person,0.373,369.89,118.65,460.89,215.82
325,10.8333,0,person,0.2713,371.48,180.09,433.1,215.85
325,10.8333,0,person,0.271,64.35,122.98,73.35,157.1
325,10.8333,0,person,0.2679,479.52,93.94,579.77,255.7
325,10.8333,0,person,0.2672,415.7,119.43,461.33,208.13
326,10.8667,2,car,0.8112,187.51,58.2,638.73,351.24
326,10.8667,0,person,0.6484,52.19,121.31,67.4,160.34
326,10.8667,0,person,0.3758,370.05,118.71,460.57,215.78
326,10.8667,0,person,0.3211,415.65,119.34,460.76,207.9
327,10.9,2,car,0.7891,188.37,58.71,638.9,351.67
327,10.9,0,person,0.6414,52.18,121.57,67.21,160.34
327,10.9,0,person,0.3371,416.22,119.47,460.2,208.74
327,10.9,0,person,0.282,64.07,122.91,72.76,157.07
327,10.9,0,person,0.2664,370.25,120.38,460.36,216.84
327,10.9,0,person,0.2576,65.06,122.32,75.01,157.41
328,10.9333,2,car,0.796,188.17,58.34,638.68,351.9
328,10.9333,0,person,0.6486,52.14,121.44,67.19,160.5
328,10.9333,0,person,0.4342,370.65,119.82,461.51,216.4
328,10.9333,0,person,0.3548,415.99,119.32,460.86,209.69
328,10.9333,0,person,0.2856,64.18,122.88,72.91,157.07
329,10.9667,2,car,0.7958,188.8,58.02,638.55,350.61
329,10.9667,0,person,0.6608,52.14,121.31,67.15,160.61
329,10.9667,0,person,0.4354,370.82,119.83,462.0,216.26
329,10.9667,0,person,0.2835,64.22,122.81,72.98,157.01
329,10.9667,0,person,0.2686,415.88,119.33,460.99,211.01
330,11.0,2,car,0.7598,189.22,58.05,638.48,350.33
330,11.0,0,person,0.666,52.25,121.43,67.12,160.65
330,11.0,0,person,0.3008,416.41,119.49,460.2,209.98
330,11.0,0,person,0.2731,64.52,122.87,73.4,157.19
331,11.0333,2,car,0.7809,189.13,57.91,638.57,350.37
331,11.0333,0,person,0.6744,52.38,121.64,67.16,160.83
331,11.0333,0,person,0.2829,416.42,119.49,460.4,209.99
331,11.0333,0,person,0.2587,65.44,122.4,75.57,157.7
332,11.0667,2,car,0.7991,189.02,57.92,638.46,350.01
332,11.0667,0,person,0.6658,52.31,121.48,67.1,160.99
332,11.0667,0,person,0.3524,370.39,119.9,461.91,216.67
332,11.0667,0,person,0.3099,416.03,119.35,460.86,208.65
332,11.0667,0,person,0.2748,65.38,122.46,75.6,157.62
333,11.1,2,car,0.8085,188.66,58.3,638.56,351.14
333,11.1,0,person,0.676,52.33,121.59,67.02,161.04
333,11.1,0,person,0.477,370.43,119.7,462.22,216.74
333,11.1,0,person,0.2852,415.49,119.42,461.0,208.67
333,11.1,0,person,0.2792,65.35,122.51,75.63,157.55
334,11.1333,2,car,0.8257,188.41,58.22,638.68,350.72
334,11.1333,0,person,0.6758,52.33,121.6,67.02,161.03
334,11.1333,0,person,0.4841,370.15,119.76,461.85,216.54
334,11.1333,0,person,0.2794,65.35,122.52,75.63,157.55
334,11.1333,0,person,0.2748,415.6,119.47,460.6,206.62
335,11.1667,2,car,0.823,188.64,58.7,638.49,351.83
335,11.1667,0,person,0.6733,52.34,121.58,67.07,161.0
335,11.1667,0,person,0.5472,371.05,119.92,462.14,216.69
335,11.1667,0,person,0.2625,415.65,119.39,461.01,209.02
335,11.1667,0,person,0.2552,65.43,122.45,75.66,157.19
336,11.2,2,car,0.8234,188.41,58.51,638.98,351.96
336,11.2,0,person,0.6734,52.32,121.55,67.1,160.99
336,11.2,0,person,0.52,370.99,119.47,461.87,216.31
336,11.2,0,person,0.2548,65.42,122.44,75.68,157.24
337,11.2333,2,car,0.8203,188.84,58.67,639.08,351.42
337,11.2333,0,person,0.6768,52.34,121.48,67.16,160.71
337,11.2333,0,person,0.4592,370.75,119.57,461.91,216.35
337,11.2333,0,person,0.2631,65.39,122.44,75.7,157.17
338,11.2667,2,car,0.8111,188.68,58.69,639.11,351.57
338,11.2667,0,person,0.6777,52.34,121.43,67.21,160.51
338,11.2667,0,person,0.4556,370.78,119.57,461.78,216.4
338,11.2667,0,person,0.2857,415.95,119.44,460.7,207.68
338,11.2667,0,person,0.2713,65.35,122.47,75.65,157.29
339,11.3,2,car,0.7939,188.26,58.24,639.17,351.53
339,11.3,0,person,0.6683,52.36,121.48,67.26,160.62
339,11.3,0,person,0.4072,416.4,119.4,460.64,208.44
339,11.3,0,person,0.3687,370.77,119.64,461.43,216.46
339,11.3,0,person,0.2691,65.22,122.44,75.5,157.48
340,11.3333,2,car,0.7864,188.39,59.09,638.93,351.56
340,11.3333,0,person,0.6628,52.33,121.45,67.24,160.66
340,11.3333,0,person,0.3893,370.63,119.81,461.04,216.32
340,11.3333,0,person,0.3713,415.77,119.46,460.44,208.69
340,11.3333,0,person,0.2808,65.01,122.42,75.35,157.53
341,11.3667,2,car,0.7769,187.71,60.17,639.43,351.76
341,11.3667,0,person,0.6656,52.31,121.38,67.27,160.79
341,11.3667,0,person,0.3574,370.48,119.95,460.83,216.41
341,11.3667,0,person,0.3567,415.88,119.48,460.51,208.52
341,11.3667,0,person,0.268,64.56,122.97,73.4,157.31
342,11.4,2,car,0.7501,187.82,60.65,639.34,351.56
342,11.4,0,person,0.6709,52.28,121.26,67.29,160.94
342,11.4,0,person,0.3399,416.29,119.6,460.44,206.94
342,11.4,0,person,0.3289,370.44,120.21,460.84,216.43
342,11.4,0,person,0.2553,64.58,122.92,73.27,157.48
343,11.4333,2,car,0.7644,188.76,60.55,639.63,351.73
343,11.4333,0,person,0.6301,52.2,121.8,67.28,160.95
343,11.4333,0,person,0.3294,417.14,119.51,460.6,208.85
343,11.4333,0,person,0.2729,64.84,122.81,74.95,157.69
343,11.4333,0,person,0.2617,63.88,123.33,72.49,157.21
344,11.4667,2,car,0.7685,188.44,59.84,639.61,350.93
344,11.4667,0,person,0.6182,52.28,122.18,67.36,160.96
344,11.4667,0,person,0.3472,416.99,119.43,460.58,209.36
344,11.4667,0,person,0.2878,64.97,123.03,75.01,157.5
344,11.4667,0,person,0.2687,63.98,123.39,72.7,156.88
345,11.5,2,car,0.7874,188.78,59.06,639.46,350.96
345,11.5,0,person,0.6129,52.31,122.28,67.33,160.63
345,11.5,0,person,0.3605,417.13,119.33,460.44,209.05
345,11.5,0,person,0.3048,64.99,123.14,75.05,157.19
345,11.5,0,person,0.2819,64.01,123.51,72.78,156.54
346,11.5333,2,car,0.7817,189.03,60.01,639.11,351.27
346,11.5333,0,person,0.6165,52.3,122.43,67.36,160.49
346,11.5333,0,person,0.3144,417.07,119.4,460.31,208.93
346,11.5333,0,person,0.287,65.02,123.3,75.01,157.05
346,11.5333,0,person,0.27,63.95,123.69,72.6,156.35
347,11.5667,2,car,0.7445,189.76,59.96,639.42,350.4
347,11.5667,0,person,0.627,52.27,122.46,67.36,160.65
347,11.5667,0,person,0.2723,65.0,123.31,74.97,157.14
347,11.5667,0,person,0.2568,63.86,123.74,72.48,156.42
347,11.5667,0,person,0.2555,416.42,118.61,459.45,201.85
348,11.6,2,car,0.7505,189.38,60.55,638.72,350.28
348,11.6,0,person,0.633,52.19,122.37,67.07,160.63
348,11.6,0,person,0.3687,65.07,123.38,75.17,155.25
348,11.6,0,person,0.3095,64.02,123.75,72.93,155.02
348,11.6,0,person,0.2623,418.05,119.52,459.2,209.21
349,11.6333,2,car,0.8024,189.32,61.2,638.19,350.24
349,11.6333,0,person,0.6308,52.32,122.53,67.21,160.62
349,11.6333,0,person,0.3406,65.01,123.43,75.01,156.38
349,11.6333,0,person,0.277,373.59,119.35,459.38,215.87
349,11.6333,0,person,0.2726,63.75,123.81,72.43,155.68
350,11.6667,2,car,0.7606,189.38,58.03,638.24,351.13
350,11.6667,0,person,0.6307,52.31,122.61,67.04,160.58
350,11.6667,0,person,0.4004,64.85,123.56,74.99,155.71
350,11.6667,0,person,0.3197,421.65,119.51,459.89,207.72
350,11.6667,0,person,0.3049,63.63,123.88,72.56,155.21
351,11.7,2,car,0.7275,190.13,45.12,628.9,349.31
351,11.7,0,person,0.6479,52.2,122.71,66.59,160.59
351,11.7,0,person,0.4336,63.93,124.11,75.28,155.83
352,11.7333,2,car,0.8223,177.3,57.84,639.8,343.01
352,11.7333,0,person,0.6435,52.21,122.68,66.58,160.55
352,11.7333,0,person,0.4294,63.92,124.1,75.15,155.86
353,11.7667,2,car,0.7428,181.24,59.08,639.75,349.93
353,11.7667,0,person,0.645,52.2,122.73,66.67,160.55
353,11.7667,0,person,0.4251,63.93,123.96,75.19,156.22
354,11.8,2,car,0.7636,169.63,58.85,639.19,351.22
354,11.8,0,person,0.6428,52.21,122.44,66.47,160.56
354,11.8,0,person,0.4511,64.05,123.89,75.27,156.32
354,11.8,0,person,0.2544,417.3,118.6,461.51,181.6
355,11.8333,2,car,0.7626,172.53,58.77,639.67,352.52
355,11.8333,0,person,0.6403,52.14,122.25,66.59,160.66
355,11.8333,0,person,0.457,63.81,123.76,75.34,155.62
356,11.8667,2,car,0.7799,180.2,58.07,639.33,351.46
356,11.8667,0,person,0.6337,52.17,122.35,66.58,160.64
356,11.8667,0,person,0.4534,63.79,123.79,75.3,155.52
357,11.9,2,car,0.8217,182.63,57.19,639.53,351.44
357,11.9,0,person,0.6386,52.12,122.21,66.55,160.58
357,11.9,0,person,0.4525,63.66,123.52,75.24,155.32
358,11.9333,2,car,0.7847,183.45,56.45,640.0,344.06
358,11.9333,0,person,0.6462,52.03,122.03,66.62,160.54
358,11.9333,0,person,0.4402,63.57,123.29,75.14,154.78
359,11.9667,2,car,0.793,188.62,57.17,638.26,346.99
359,11.9667,0,person,0.6504,52.0,121.99,66.59,160.52
359,11.9667,0,person,0.4305,63.44,123.08,75.1,154.52
359,11.9667,0,person,0.3551,373.92,118.33,462.41,216.72
360,12.0,2,car,0.793,188.5,54.86,638.94,346.72
360,12.0,0,person,0.6529,52.03,122.03,66.6,160.5
360,12.0,0,person,0.4352,63.4,123.06,75.09,154.97
360,12.0,0,person,0.3177,373.12,118.23,461.98,216.65
361,12.0333,2,car,0.8123,187.91,51.36,639.34,346.01
361,12.0333,0,person,0.6534,52.01,122.01,66.63,160.46
361,12.0333,0,person,0.4329,63.41,123.05,75.07,155.1
361,12.0333,0,person,0.3027,373.85,118.89,460.09,216.6
362,12.0667,2,car,0.7798,187.38,57.98,638.3,344.33
362,12.0667,0,person,0.6315,52.12,121.33,67.26,160.4
362,12.0667,0,person,0.3487,63.7,122.94,74.33,155.28
363,12.1,2,car,0.8256,177.3,56.91,639.36,344.15
363,12.1,0,person,0.6294,52.08,120.99,67.09,160.41
363,12.1,0,person,0.4002,63.71,122.95,74.44,154.78
364,12.1333,2,car,0.8316,178.98,56.18,639.56,349.7
364,12.1333,0,person,0.619,52.08,120.52,67.42,160.49
364,12.1333,0,person,0.3453,64.13,122.84,74.28,153.8
365,12.1667,2,car,0.7892,186.05,58.72,638.94,341.48
365,12.1667,0,person,0.5993,52.1,120.65,67.41,160.34
365,12.1667,0,person,0.361,64.1,122.86,74.37,154.37
366,12.2,2,car,0.7979,180.35,57.74,639.32,344.2
366,12.2,0,person,0.6015,52.16,120.75,67.39,160.29
366,12.2,0,person,0.368,64.25,122.91,74.48,154.65
366,12.2,0,person,0.2912,375.4,119.4,460.73,216.54
367,12.2333,2,car,0.7914,180.27,57.63,639.94,337.19
367,12.2333,0,person,0.5935,51.82,120.42,67.5,160.28
367,12.2333,0,person,0.3638,63.76,122.72,74.24,155.2
368,12.2667,2,car,0.7802,181.08,57.86,640.0,341.88
368,12.2667,0,person,0.5951,51.45,120.35,67.52,160.27
368,12.2667,0,person,0.3664,63.54,122.73,74.27,155.45
369,12.3,2,car,0.7718,182.07,58.7,640.0,331.58
369,12.3,0,person,0.5922,51.94,120.54,67.59,160.22
369,12.3,0,person,0.3525,63.59,122.65,74.16,155.2
370,12.3333,2,car,0.762,181.27,58.11,640.0,336.35
370,12.3333,0,person,0.5805,52.09,120.27,68.23,160.17
371,12.3667,2,car,0.7609,179.31,57.65,639.05,346.88
371,12.3667,0,person,0.5612,52.06,119.88,68.37,160.14
372,12.4,2,car,0.7213,172.51,57.44,640.0,352.58
372,12.4,0,person,0.5623,52.04,119.73,68.47,160.16
372,12.4,0,person,0.2726,422.0,118.27,498.56,228.72
373,12.4333,2,car,0.7692,161.56,57.35,639.93,353.48
373,12.4333,0,person,0.5589,52.13,119.0,69.11,160.16
374,12.4667,2,car,0.7727,164.21,57.0,639.55,353.53
374,12.4667,0,person,0.5625,52.06,119.73,68.51,160.19
374,12.4667,0,person,0.2993,436.15,148.84,500.92,223.86
375,12.5,2,car,0.7584,169.53,55.63,639.72,352.84
375,12.5,0,person,0.5844,436.6,136.29,501.19,223.38
375,12.5,0,person,0.5712,52.31,119.92,68.76,160.07
376,12.5333,2,car,0.7456,167.09,56.29,640.0,353.03
376,12.5333,0,person,0.5712,52.31,119.92,68.76,160.07
376,12.5333,0,person,0.2718,436.73,130.22,502.22,224.27
377,12.5667,2,car,0.9293,55.55,145.45,300.82,271.17
377,12.5667,7,truck,0.8662,391.54,89.48,542.32,227.81
377,12.5667,2,car,0.8123,0.11,224.98,99.78,343.3
377,12.5667,9,traffic light,0.7769,124.95,10.68,139.6,52.26
377,12.5667,9,traffic light,0.7127,67.21,30.76,78.85,64.34
377,12.5667,2,car,0.681,364.69,151.08,390.65,194.54
377,12.5667,2,car,0.5145,547.99,126.06,640.0,224.08
377,12.5667,7,truck,0.5096,0.03,113.61,40.37,228.38
377,12.5667,7,truck,0.5065,549.25,126.11,639.71,224.76
377,12.5667,2,car,0.483,224.86,123.06,375.92,227.6
377,12.5667,7,truck,0.3788,225.4,123.36,375.71,227.58
378,12.6,2,car,0.9254,48.14,145.82,300.93,270.62
378,12.6,7,truck,0.8685,391.83,89.55,542.32,227.84
378,12.6,9,traffic light,0.7778,124.95,10.67,139.62,52.26
378,12.6,2,car,0.7635,0.18,225.6,97.3,343.74
378,12.6,9,traffic light,0.7192,67.19,30.74,78.86,64.35
378,12.6,2,car,0.6967,364.49,151.24,390.66,194.67
378,12.6,7,truck,0.5144,0.04,112.63,41.28,228.86
378,12.6,2,car,0.5124,547.83,126.06,640.0,224.03
378,12.6,7,truck,0.5123,548.97,126.09,639.71,224.75
378,12.6,2,car,0.4798,225.01,123.45,375.69,228.24
378,12.6,7,truck,0.3676,225.47,123.39,375.7,227.45
378,12.6,2,car,0.2888,0.05,113.12,41.22,228.37
379,12.6333,2,car,0.9332,53.71,145.72,300.69,270.63
379,12.6333,7,truck,0.8666,391.98,90.2,542.32,227.71
379,12.6333,2,car,0.7933,0.06,225.41,96.87,343.27
379,12.6333,9,traffic light,0.7821,124.95,10.66,139.63,52.27
379,12.6333,9,traffic light,0.7032,67.24,30.71,78.84,64.37
379,12.6333,2,car,0.6898,365.0,151.52,391.28,194.37
379,12.6333,7,truck,0.5186,548.81,126.06,639.71,224.67
379,12.6333,2,car,0.5142,547.76,126.06,640.0,223.93
379,12.6333,7,truck,0.5,0.0,112.55,46.0,229.99
379,12.6333,2,car,0.4881,225.04,123.58,375.58,229.26
379,12.6333,7,truck,0.3542,225.49,123.5,375.59,228.34
379,12.6333,2,car,0.3358,0.05,111.69,45.02,229.12
380,12.6667,2,car,0.9305,52.94,145.37,300.32,270.95
380,12.6667,7,truck,0.8698,391.96,89.77,542.32,227.8
380,12.6667,2,car,0.7962,0.04,225.35,96.78,343.05
380,12.6667,9,traffic light,0.7828,124.96,10.66,139.63,52.28
380,12.6667,9,traffic light,0.7019,67.23,30.72,78.83,64.38
380,12.6667,2,car,0.6946,365.03,151.45,391.27,194.4
380,12.6667,7,truck,0.5355,0.0,111.64,49.05,230.08
380,12.6667,7,truck,0.5208,548.8,126.05,639.71,224.69
380,12.6667,2,car,0.5115,547.75,126.06,640.0,223.96
380,12.6667,2,car,0.4838,223.27,123.74,375.94,227.89
380,12.6667,7,truck,0.3615,225.24,123.47,375.72,228.57
380,12.6667,2,car,0.2902,0.07,111.52,46.94,229.33
381,12.7,2,car,0.9331,53.18,145.64,300.32,270.27
381,12.7,7,truck,0.8682,392.02,89.62,542.31,227.84
381,12.7,2,car,0.843,0.06,225.35,96.33,343.16
381,12.7,9,traffic light,0.7813,124.96,10.66,139.63,52.27
381,12.7,9,traffic light,0.7104,67.24,30.72,78.82,64.37
381,12.7,2,car,0.6869,365.42,151.35,391.24,194.2
381,12.7,7,truck,0.6258,0.0,113.99,50.77,231.26
381,12.7,7,truck,0.5194,548.84,126.05,639.71,224.72
381,12.7,2,car,0.5128,547.79,126.06,640.0,224.0
381,12.7,2,car,0.4792,224.62,123.46,375.67,230.05
381,12.7,7,truck,0.3734,225.1,123.41,375.65,229.04
381,12.7,2,car,0.3394,0.06,113.8,48.81,230.38
382,12.7333,2,car,0.9326,51.37,145.72,300.36,270.16
382,12.7333,7,truck,0.8676,392.07,89.63,542.37,227.79
382,12.7333,2,car,0.864,0.05,225.67,95.7,343.12
382,12.7333,9,traffic light,0.7816,124.96,10.66,139.63,52.27
382,12.7333,9,traffic light,0.7058,67.22,30.73,78.81,64.4
382,12.7333,2,car,0.6851,364.81,151.36,391.27,194.27
382,12.7333,7,truck,0.6519,0.0,113.66,51.36,231.55
382,12.7333,7,truck,0.5297,548.78,126.06,639.71,224.65
382,12.7333,2,car,0.5041,547.72,126.06,640.0,223.89
382,12.7333,2,car,0.4842,223.16,123.77,376.04,227.14
382,12.7333,2,car,0.4072,0.08,113.3,50.76,230.64
382,12.7333,7,truck,0.3622,225.04,123.49,375.76,227.49
383,12.7667,2,car,0.9242,47.24,145.59,300.11,270.15
383,12.7667,2,car,0.8797,0.04,225.07,95.48,343.11
383,12.7667,7,truck,0.8689,391.93,89.93,542.31,227.74
383,12.7667,9,traffic light,0.785,124.97,10.65,139.63,52.27
383,12.7667,9,traffic light,0.6992,67.21,30.72,78.81,64.41
383,12.7667,2,car,0.6751,363.74,151.08,390.72,194.5
383,12.7667,7,truck,0.6236,0.0,112.31,52.78,232.32
383,12.7667,7,truck,0.5278,548.7,126.03,639.71,224.65
383,12.7667,2,car,0.5067,547.7,126.06,640.0,223.92
383,12.7667,2,car,0.4812,223.49,123.84,376.41,225.07
383,12.7667,7,truck,0.3827,225.33,123.47,375.94,224.58
383,12.7667,2,car,0.3618,0.09,111.39,52.45,231.66
384,12.8,2,car,0.9293,49.35,145.39,299.83,270.46
384,12.8,2,car,0.8734,0.03,225.1,95.24,343.05
384,12.8,7,truck,0.87,391.98,89.62,542.28,227.81
384,12.8,9,traffic light,0.7843,124.96,10.64,139.62,52.28
384,12.8,9,traffic light,0.7002,67.19,30.72,78.83,64.4
384,12.8,2,car,0.6627,364.59,151.25,391.26,194.28
384,12.8,7,truck,0.5835,0.0,112.78,56.47,233.45
384,12.8,7,truck,0.5331,548.51,125.99,639.71,224.64
384,12.8,2,car,0.5163,223.28,123.79,376.29,224.37
384,12.8,2,car,0.5049,547.53,126.06,640.0,223.93
384,12.8,7,truck,0.385,225.1,123.35,375.92,223.99
384,12.8,2,car,0.329,0.19,111.47,56.16,232.75
385,12.8333,2,car,0.9297,51.26,145.54,299.44,270.64
385,12.8333,7,truck,0.8688,391.86,89.48,542.32,227.82
385,12.8333,2,car,0.8681,0.04,224.4,94.19,342.89
385,12.8333,9,traffic light,0.7874,124.96,10.64,139.62,52.29
385,12.8333,9,traffic light,0.69,67.19,30.72,78.82,64.42
385,12.8333,2,car,0.6237,364.85,151.31,391.26,194.29
385,12.8333,7,truck,0.5982,0.08,112.31,58.69,233.26
385,12.8333,2,car,0.5335,223.0,123.67,376.26,223.71
385,12.8333,7,truck,0.5328,548.5,126.01,639.71,224.62
385,12.8333,2,car,0.5019,547.49,126.07,640.0,223.89
385,12.8333,7,truck,0.3927,224.8,123.18,375.9,223.39
385,12.8333,2,car,0.2855,0.25,111.64,58.19,233.46
386,12.8667,2,car,0.9274,52.69,145.51,299.05,270.18
386,12.8667,7,truck,0.8659,391.87,89.09,540.9,228.02
386,12.8667,2,car,0.8496,0.03,224.23,93.73,342.65
386,12.8667,9,traffic light,0.7876,124.97,10.64,139.62,52.29
386,12.8667,9,traffic light,0.6944,67.19,30.73,78.81,64.43
386,12.8667,2,car,0.5759,365.14,151.56,391.27,194.14
386,12.8667,7,truck,0.5364,548.45,126.01,639.71,224.65
386,12.8667,2,car,0.5326,223.06,123.64,376.26,224.57
386,12.8667,2,car,0.5002,547.44,126.07,640.0,223.93
386,12.8667,7,truck,0.4697,0.0,112.25,62.01,236.27
386,12.8667,7,truck,0.3633,224.77,123.28,375.99,224.1
387,12.9,2,car,0.901,58.08,145.36,298.99,270.35
387,12.9,7,truck,0.868,392.04,88.92,540.95,227.93
387,12.9,2,car,0.8245,0.05,224.52,92.91,342.68
387,12.9,9,traffic light,0.7886,124.98,10.64,139.62,52.3
387,12.9,9,traffic light,0.681,67.19,30.73,78.81,64.43
387,12.9,2,car,0.5908,363.65,151.41,390.94,194.65
387,12.9,2,car,0.5483,223.13,123.61,376.18,224.71
387,12.9,7,truck,0.5336,548.48,126.01,639.71,224.6
387,12.9,2,car,0.5032,547.49,126.06,640.0,223.87
387,12.9,7,truck,0.3733,224.8,123.22,375.94,224.24
387,12.9,7,truck,0.3676,0.0,111.87,65.92,238.12
388,12.9333,2,car,0.9235,59.45,145.59,298.71,269.96
388,12.9333,7,truck,0.8671,392.01,89.46,542.37,227.8
388,12.9333,2,car,0.8348,0.05,223.93,92.01,342.64
388,12.9333,9,traffic light,0.7884,124.98,10.64,139.63,52.3
388,12.9333,9,traffic light,0.6654,67.17,30.75,78.8,64.46
388,12.9333,2,car,0.5692,363.81,151.54,390.94,194.58
388,12.9333,2,car,0.5617,222.38,123.67,375.83,224.41
388,12.9333,7,truck,0.5218,548.55,126.03,639.71,224.65
388,12.9333,2,car,0.516,547.47,126.07,640.0,223.94
388,12.9333,7,truck,0.4008,0.12,111.12,68.89,236.18
388,12.9333,7,truck,0.369,224.09,123.26,375.67,224.11
389,12.9667,2,car,0.9266,61.54,145.6,298.43,269.6
389,12.9667,7,truck,0.865,392.09,89.25,542.4,227.86
389,12.9667,2,car,0.8492,0.06,224.43,91.02,342.72
389,12.9667,9,traffic light,0.7889,124.98,10.64,139.64,52.3
389,12.9667,9,traffic light,0.6486,67.18,30.76,78.78,64.5
389,12.9667,7,truck,0.547,548.34,125.96,639.71,224.66
389,12.9667,2,car,0.5429,222.59,123.63,375.33,223.66
389,12.9667,2,car,0.5177,363.94,151.55,390.87,194.71
389,12.9667,7,truck,0.5017,0.12,110.77,69.72,236.26
389,12.9667,2,car,0.4114,547.59,126.55,639.73,225.04
389,12.9667,7,truck,0.3937,224.37,123.26,375.37,223.36
389,12.9667,2,car,0.2511,366.32,137.88,392.93,154.91
390,13.0,2,car,0.9134,63.48,145.59,297.89,269.6
390,13.0,7,truck,0.8665,392.23,88.82,542.43,227.85
390,13.0,2,car,0.818,0.06,224.79,90.28,342.82
390,13.0,9,traffic light,0.787,124.97,10.65,139.64,52.3
390,13.0,9,traffic light,0.6531,67.2,30.77,78.78,64.49
390,13.0,2,car,0.5437,222.87,123.66,375.67,223.85
390,13.0,7,truck,0.5315,548.45,125.99,639.71,224.7
390,13.0,2,car,0.5084,364.03,151.57,391.18,194.61
390,13.0,2,car,0.5076,547.4,126.06,640.0,224.0
390,13.0,7,truck,0.3858,224.62,123.34,375.67,223.55
390,13.0,7,truck,0.3449,0.07,109.57,71.76,239.07
390,13.0,2,car,0.2654,366.52,137.91,393.2,154.73
391,13.0333,2,car,0.9275,67.12,145.72,297.4,269.67
391,13.0333,7,truck,0.8735,392.26,89.05,542.36,227.81
391,13.0333,2,car,0.8056,0.05,223.16,89.88,342.9
391,13.0333,9,traffic light,0.7887,124.95,10.65,139.65,52.29
391,13.0333,9,traffic light,0.6677,67.2,30.75,78.83,64.41
391,13.0333,2,car,0.5644,223.1,123.65,375.99,222.86
391,13.0333,2,car,0.5276,363.9,151.43,391.43,194.57
391,13.0333,7,truck,0.5251,548.58,126.01,639.71,224.7
391,13.0333,7,truck,0.513,0.24,108.91,75.63,238.01
391,13.0333,2,car,0.5106,547.53,126.06,640.0,224.01
391,13.0333,7,truck,0.364,224.96,123.38,375.93,222.6
391,13.0333,2,car,0.25,366.66,137.68,393.45,154.55
392,13.0667,2,car,0.9224,70.06,145.75,296.82,268.79
392,13.0667,7,truck,0.8732,392.45,89.08,542.36,227.88
392,13.0667,9,traffic light,0.7872,124.95,10.65,139.65,52.29
392,13.0667,2,car,0.7812,0.04,223.65,88.75,342.73
392,13.0667,9,traffic light,0.6841,67.19,30.74,78.82,64.4
392,13.0667,7,truck,0.5887,0.27,110.69,77.2,242.3
392,13.0667,2,car,0.5822,364.4,151.35,390.92,194.71
392,13.0667,2,car,0.5561,223.03,123.73,375.95,223.66
392,13.0667,7,truck,0.5205,548.7,126.06,639.71,224.74
392,13.0667,2,car,0.513,547.63,126.1,640.0,224.05
392,13.0667,7,truck,0.3825,225.1,123.49,375.93,223.38
392,13.0667,2,car,0.2516,366.77,137.76,393.85,154.82
393,13.1,2,car,0.913,73.06,145.77,295.89,267.49
393,13.1,7,truck,0.8721,392.34,88.88,542.35,227.87
393,13.1,9,traffic light,0.785,124.93,10.65,139.64,52.28
393,13.1,2,car,0.7733,0.03,224.62,87.47,342.62
393,13.1,9,traffic light,0.6926,67.21,30.73,78.84,64.37
393,13.1,2,car,0.5805,364.24,151.28,390.87,194.72
393,13.1,2,car,0.562,222.66,123.66,375.75,223.85
393,13.1,7,truck,0.5224,548.68,126.05,639.71,224.76
393,13.1,2,car,0.5122,547.61,126.1,640.0,224.09
393,13.1,7,truck,0.4593,0.23,113.1,80.95,243.94
393,13.1,7,truck,0.3886,224.38,123.44,375.83,223.58
394,13.1333,2,car,0.9145,76.29,145.84,295.23,267.8
394,13.1333,7,truck,0.8721,392.19,88.85,542.36,227.85
394,13.1333,9,traffic light,0.7895,124.94,10.65,139.66,52.3
394,13.1333,2,car,0.7758,0.03,224.16,87.52,342.64
394,13.1333,9,traffic light,0.6849,67.18,30.74,78.8,64.45
394,13.1333,2,car,0.5963,365.11,151.34,392.05,194.8
394,13.1333,2,car,0.5588,223.24,123.53,375.82,223.71
394,13.1333,7,truck,0.5242,548.69,126.05,639.71,224.75
394,13.1333,2,car,0.5112,547.64,126.1,640.0,224.08
394,13.1333,7,truck,0.4368,0.24,111.73,84.47,243.01
394,13.1333,7,truck,0.4033,224.75,123.33,375.89,223.62
395,13.1667,7,truck,0.8729,392.23,88.82,542.29,227.85
395,13.1667,2,car,0.7913,0.02,224.97,87.65,342.64
395,13.1667,9,traffic light,0.7909,124.96,10.66,139.66,52.3
395,13.1667,2,car,0.7786,70.5,146.51,295.65,267.73
395,13.1667,9,traffic light,0.6644,67.19,30.78,78.8,64.46
395,13.1667,2,car,0.6129,365.26,151.67,392.14,194.74
395,13.1667,2,car,0.5703,223.2,123.62,376.05,224.18
395,13.1667,7,truck,0.5196,548.78,126.05,639.71,224.68
395,13.1667,2,car,0.5163,547.72,126.1,640.0,224.0
395,13.1667,7,truck,0.3979,224.59,123.41,376.02,223.98
395,13.1667,7,truck,0.3208,0.0,106.7,84.88,244.44
396,13.2,7,truck,0.874,392.31,88.9,542.34,227.81
396,13.2,9,traffic light,0.7926,124.99,10.66,139.64,52.24
396,13.2,9,traffic light,0.7005,67.24,30.72,78.82,64.37
396,13.2,2,car,0.6684,0.06,225.37,86.66,342.72
396,13.2,2,car,0.6323,365.6,152.26,391.99,194.64
396,13.2,7,truck,0.5962,0.0,109.37,99.1,244.73
396,13.2,7,truck,0.5418,548.46,125.94,639.71,223.88
396,13.2,7,truck,0.532,264.5,123.78,375.82,223.44
396,13.2,2,car,0.508,547.57,126.09,640.0,223.27
397,13.2333,7,truck,0.8765,392.21,88.92,542.3,227.82
397,13.2333,9,traffic light,0.7854,125.02,10.63,139.64,52.22
397,13.2333,9,traffic light,0.7046,67.24,30.72,78.82,64.28
397,13.2333,2,car,0.633,365.97,151.61,391.91,194.69
397,13.2333,7,truck,0.5361,0.0,104.28,99.27,245.32
397,13.2333,2,car,0.5272,547.65,126.11,640.0,223.39
397,13.2333,7,truck,0.527,264.47,123.69,375.88,223.55
397,13.2333,7,truck,0.5228,548.61,125.99,639.72,223.96
397,13.2333,2,car,0.5063,0.06,223.76,86.25,342.75
398,13.2667,7,truck,0.8764,392.33,88.89,542.26,227.8
398,13.2667,9,traffic light,0.7851,125.02,10.67,139.64,52.22
398,13.2667,9,traffic light,0.6677,67.2,30.69,78.85,64.32
398,13.2667,2,car,0.6038,364.81,151.17,391.81,194.62
398,13.2667,7,truck,0.5667,264.62,123.73,375.84,222.96
398,13.2667,7,truck,0.5322,548.71,125.95,639.72,224.0
398,13.2667,2,car,0.5276,547.86,126.11,640.0,223.46
398,13.2667,7,truck,0.5197,0.0,105.57,99.4,245.38
398,13.2667,2,car,0.4285,0.07,224.32,88.6,342.27
399,13.3,7,truck,0.8749,392.18,88.63,542.27,227.8
399,13.3,9,traffic light,0.7892,125.0,10.66,139.66,52.23
399,13.3,9,traffic light,0.6889,67.26,30.63,78.91,64.22
399,13.3,2,car,0.6335,362.61,150.56,390.83,194.59
399,13.3,7,truck,0.587,264.45,123.8,375.72,222.53
399,13.3,7,truck,0.5422,548.62,125.92,639.72,223.99
399,13.3,2,car,0.5204,547.79,126.11,640.0,223.45
399,13.3,2,car,0.5199,0.09,222.81,86.42,342.78
399,13.3,7,truck,0.3934,0.0,73.11,100.35,246.72
399,13.3,2,car,0.3608,367.3,151.52,395.55,193.51
400,13.3333,7,truck,0.8753,392.11,88.71,542.3,227.75
400,13.3333,9,traffic light,0.7942,125.0,10.66,139.67,52.24
400,13.3333,2,car,0.6486,362.3,150.43,390.84,194.57
400,13.3333,9,traffic light,0.6483,67.27,30.7,78.84,64.24
400,13.3333,7,truck,0.559,548.42,125.86,639.72,223.88
400,13.3333,7,truck,0.5222,265.95,123.58,375.58,223.9
400,13.3333,2,car,0.5196,0.09,222.0,85.7,342.98
400,13.3333,2,car,0.5135,547.63,126.1,640.0,223.33
400,13.3333,7,truck,0.3667,0.0,49.26,99.05,248.29
400,13.3333,2,car,0.3488,367.17,151.54,395.6,193.52
401,13.3667,7,truck,0.8748,392.1,88.62,542.33,227.81
401,13.3667,9,traffic light,0.796,125.0,10.68,139.66,52.23
401,13.3667,2,car,0.681,362.49,151.07,390.71,194.59
401,13.3667,9,traffic light,0.6228,67.26,30.72,78.8,64.34
401,13.3667,7,truck,0.5629,548.36,125.83,639.72,223.9
401,13.3667,7,truck,0.5215,264.46,123.62,375.7,223.67
401,13.3667,2,car,0.5137,547.58,126.1,640.0,223.35
401,13.3667,2,car,0.4249,0.1,223.64,85.25,342.95
401,13.3667,2,car,0.2984,264.94,124.81,376.22,223.74
401,13.3667,7,truck,0.2876,0.79,11.96,401.35,264.52
401,13.3667,7,truck,0.257,0.0,48.56,99.82,247.97
402,13.4,7,truck,0.8758,392.06,88.4,542.34,227.84
402,13.4,9,traffic light,0.8072,125.01,10.67,139.69,52.27
402,13.4,2,car,0.6601,362.5,150.99,390.7,194.58
402,13.4,7,truck,0.5655,548.34,125.82,639.72,223.9
402,13.4,9,traffic light,0.557,67.28,30.85,78.73,64.3
402,13.4,7,truck,0.5207,265.85,123.52,375.48,224.11
402,13.4,2,car,0.5124,547.56,126.1,640.0,223.36
402,13.4,2,car,0.4892,0.0,223.45,84.99,342.65
402,13.4,7,truck,0.4735,0.0,44.41,99.67,250.16
402,13.4,2,car,0.3084,264.87,124.77,376.17,223.89
402,13.4,7,truck,0.2895,0.47,15.3,391.8,264.8
403,13.4333,7,truck,0.878,392.07,88.6,542.41,227.85
403,13.4333,9,traffic light,0.7965,124.97,10.67,139.69,52.32
403,13.4333,2,car,0.6425,361.35,146.6,390.77,194.55
403,13.4333,7,truck,0.5695,548.24,125.8,639.72,223.91
403,13.4333,7,truck,0.5662,266.26,123.58,375.37,225.14
403,13.4333,9,traffic light,0.5586,67.34,31.0,78.72,64.24
403,13.4333,2,car,0.5132,547.43,126.09,640.0,223.36
403,13.4333,2,car,0.5068,0.0,223.88,85.34,342.99
403,13.4333,7,truck,0.319,0.0,30.68,99.54,248.73
403,13.4333,2,car,0.3072,369.06,151.09,390.4,194.29
404,13.4667,7,truck,0.8776,392.17,88.35,542.43,227.86
404,13.4667,9,traffic light,0.7941,124.98,10.66,139.69,52.27
404,13.4667,2,car,0.6273,361.85,146.71,390.78,194.57
404,13.4667,7,truck,0.5735,264.98,123.73,375.64,225.59
404,13.4667,7,truck,0.5647,548.41,125.83,639.72,223.68
404,13.4667,9,traffic light,0.5454,67.31,31.05,78.77,64.09
404,13.4667,2,car,0.5185,547.64,126.08,640.0,223.13
404,13.4667,2,car,0.3406,369.07,151.25,390.36,194.3
404,13.4667,2,car,0.3383,0.09,223.9,86.56,342.96
404,13.4667,7,truck,0.3352,0.0,42.79,99.85,247.64
405,13.5,7,truck,0.8761,392.11,88.4,542.39,227.88
405,13.5,9,traffic light,0.7994,124.97,10.65,139.67,52.27
405,13.5,2,car,0.6241,362.36,148.28,390.8,194.6
405,13.5,7,truck,0.5795,265.21,123.67,375.68,225.55
405,13.5,7,truck,0.563,548.37,125.83,639.72,223.71
405,13.5,2,car,0.5166,547.57,126.08,640.0,223.17
405,13.5,7,truck,0.5118,0.0,43.69,100.86,247.55
405,13.5,2,car,0.4211,0.0,224.68,86.71,343.2
405,13.5,9,traffic light,0.4122,67.48,31.0,78.81,63.87
405,13.5,2,car,0.361,369.11,151.55,390.41,194.32
406,13.5333,7,truck,0.8768,392.07,88.62,542.41,227.89
406,13.5333,9,traffic light,0.7988,124.98,10.65,139.65,52.28
406,13.5333,2,car,0.6404,362.15,149.61,390.88,194.66
406,13.5333,7,truck,0.5625,265.38,123.71,375.72,225.24
406,13.5333,7,truck,0.5616,548.38,125.84,639.72,223.68
406,13.5333,2,car,0.5193,547.59,126.08,640.0,223.14
406,13.5333,2,car,0.4713,0.13,224.74,88.43,342.38
406,13.5333,9,traffic light,0.4541,67.52,30.68,78.54,64.07
406,13.5333,2,car,0.4076,366.82,150.78,395.2,193.5
406,13.5333,7,truck,0.3631,0.0,45.09,101.29,250.72
407,13.5667,7,truck,0.8751,392.08,88.71,542.37,227.83
407,13.5667,9,traffic light,0.7925,124.99,10.63,139.68,52.25
407,13.5667,2,car,0.6068,362.23,150.29,390.95,194.61
407,13.5667,2,car,0.5879,0.0,224.4,86.66,343.18
407,13.5667,7,truck,0.5627,548.32,125.84,639.72,223.67
407,13.5667,7,truck,0.5351,265.03,123.67,375.67,224.97
407,13.5667,9,traffic light,0.5224,67.62,30.89,78.88,63.61
407,13.5667,2,car,0.5188,547.53,126.08,640.0,223.12
407,13.5667,2,car,0.3925,367.43,150.79,395.36,193.47
408,13.6,7,truck,0.8745,392.06,88.8,542.37,227.82
408,13.6,9,traffic light,0.7915,125.0,10.65,139.64,52.26
408,13.6,2,car,0.6733,0.0,223.97,87.26,343.17
408,13.6,7,truck,0.5698,265.17,123.71,375.59,224.87
408,13.6,7,truck,0.5627,548.31,125.84,639.72,223.67
408,13.6,2,car,0.5231,361.47,148.69,391.0,194.66
408,13.6,2,car,0.5177,547.51,126.08,640.0,223.12
408,13.6,9,traffic light,0.4262,68.08,30.69,78.59,63.32
408,13.6,2,car,0.3352,368.15,149.94,395.49,193.38
408,13.6,2,car,0.2548,264.65,124.28,375.79,224.45
409,13.6333,7,truck,0.8763,391.99,88.61,542.4,227.87
409,13.6333,9,traffic light,0.7951,125.01,10.66,139.64,52.29
409,13.6333,2,car,0.6873,0.06,225.09,86.61,342.88
409,13.6333,2,car,0.5891,362.09,146.6,391.44,195.81
409,13.6333,7,truck,0.5639,548.33,125.81,639.72,223.68
409,13.6333,7,truck,0.5448,265.16,123.74,375.64,224.68
409,13.6333,2,car,0.5187,547.53,126.07,640.0,223.13
409,13.6333,2,car,0.4181,367.45,149.38,395.24,193.45
409,13.6333,2,car,0.3166,265.36,124.81,375.77,224.62
410,13.6667,7,truck,0.8752,391.9,88.68,542.4,227.89
410,13.6667,9,traffic light,0.8016,125.0,10.65,139.66,52.3
410,13.6667,2,car,0.6021,362.39,148.85,391.32,195.76
410,13.6667,7,truck,0.571,265.42,123.75,375.79,224.43
410,13.6667,7,truck,0.5643,548.3,125.78,639.72,223.66
410,13.6667,2,car,0.5217,547.5,126.06,640.0,223.11
410,13.6667,2,car,0.5197,0.14,223.7,88.05,342.62
410,13.6667,2,car,0.469,367.76,150.41,394.85,193.5
410,13.6667,7,truck,0.3509,0.45,19.03,105.81,223.3
410,13.6667,2,car,0.3225,265.69,124.86,375.91,224.73
411,13.7,7,truck,0.8802,391.79,88.67,542.39,227.83
411,13.7,9,traffic light,0.792,124.99,10.68,139.59,52.29
411,13.7,2,car,0.6423,0.0,223.27,84.71,342.91
411,13.7,2,car,0.5851,361.79,148.01,391.85,195.76
411,13.7,7,truck,0.5499,265.21,123.67,375.75,224.52
411,13.7,7,truck,0.5464,548.44,125.82,639.72,223.66
411,13.7,2,car,0.5408,547.64,126.06,640.0,223.11
411,13.7,2,car,0.4848,367.95,150.02,395.3,193.46
411,13.7,9,traffic light,0.346,67.66,30.49,79.24,63.59
411,13.7,2,car,0.334,265.49,124.78,375.9,224.97
412,13.7333,7,truck,0.8762,391.74,88.63,542.42,227.84
412,13.7333,9,traffic light,0.7951,124.98,10.66,139.6,52.31
412,13.7333,7,truck,0.5914,265.18,123.76,375.73,223.76
412,13.7333,2,car,0.5864,361.92,148.35,391.67,195.77
412,13.7333,7,truck,0.567,548.28,125.77,639.72,223.65
412,13.7333,2,car,0.544,0.0,223.53,85.23,342.91
412,13.7333,2,car,0.5188,547.47,126.06,640.0,223.1
412,13.7333,2,car,0.4607,368.14,150.56,395.25,193.48
412,13.7333,9,traffic light,0.4215,67.68,30.6,78.89,62.76
412,13.7333,2,car,0.3382,265.61,124.92,375.75,224.34
413,13.7667,7,truck,0.8742,391.65,88.83,542.41,227.89
413,13.7667,9,traffic light,0.7959,124.98,10.64,139.65,52.3
413,13.7667,7,truck,0.5812,265.28,123.91,375.78,224.06
413,13.7667,9,traffic light,0.5749,67.7,30.44,78.65,63.12
413,13.7667,2,car,0.5657,362.36,148.88,391.44,195.84
413,13.7667,7,truck,0.562,548.43,125.8,639.72,223.68
413,13.7667,2,car,0.5207,547.65,126.07,640.0,223.14
413,13.7667,2,car,0.4861,0.13,223.53,85.48,342.55
413,13.7667,2,car,0.4505,368.51,150.68,394.6,193.57
413,13.7667,2,car,0.3787,265.67,124.98,375.7,224.71
414,13.8,7,truck,0.8738,391.56,88.81,542.41,227.91
414,13.8,9,traffic light,0.8021,125.01,10.66,139.64,52.3
414,13.8,2,car,0.612,0.0,223.61,87.1,342.48
414,13.8,9,traffic light,0.5959,67.3,30.61,79.07,63.78
414,13.8,7,truck,0.56,548.51,125.79,639.72,223.69
414,13.8,2,car,0.5538,361.28,149.45,390.99,194.64
414,13.8,2,car,0.525,547.76,126.06,640.0,223.14
414,13.8,7,truck,0.5246,265.35,123.91,375.78,224.12
414,13.8,2,car,0.4314,368.16,150.92,394.4,193.6
414,13.8,2,car,0.3391,265.54,124.94,375.71,224.59
415,13.8333,7,truck,0.8733,391.44,88.75,542.43,227.89
415,13.8333,9,traffic light,0.7956,125.01,10.65,139.66,52.3
415,13.8333,9,traffic light,0.6018,67.18,30.27,78.85,63.46
415,13.8333,2,car,0.5975,0.0,223.45,87.07,342.37
415,13.8333,2,car,0.5671,360.69,149.43,390.89,194.67
415,13.8333,7,truck,0.5621,548.51,125.79,639.72,223.7
415,13.8333,2,car,0.5229,547.76,126.06,640.0,223.14
415,13.8333,7,truck,0.4678,265.04,123.78,375.94,224.93
415,13.8333,2,car,0.4344,368.05,150.84,393.94,193.65
415,13.8333,2,car,0.3684,265.57,124.69,376.44,224.88
415,13.8333,2,car,0.2618,373.6,137.44,393.86,163.84
418,13.9333,2,car,0.5335,51.0,205.77,632.15,355.04
419,13.9667,2,car,0.4202,47.19,205.15,630.83,355.13
420,14.0,2,car,0.5759,37.75,205.1,630.84,355.23
421,14.0333,2,car,0.571,44.51,205.83,632.11,354.96
422,14.0667,2,car,0.5719,44.26,205.81,632.08,354.96
423,14.1,2,car,0.382,49.31,205.86,631.76,354.79
424,14.1333,2,car,0.4926,44.96,205.6,630.67,354.44
425,14.1667,2,car,0.4614,32.04,206.21,632.37,354.97
426,14.2,2,car,0.4693,48.46,206.5,631.88,355.05
427,14.2333,2,car,0.4714,48.22,206.51,631.91,355.07
428,14.2667,2,car,0.4059,34.83,206.61,632.2,354.76
428,14.2667,2,car,0.2596,405.22,106.19,421.34,118.39
429,14.3,2,car,0.4127,31.84,206.47,632.72,354.64
429,14.3,2,car,0.2938,403.03,104.55,422.37,117.69
430,14.3333,2,car,0.5097,37.34,206.05,631.77,354.68
430,14.3333,2,car,0.2567,398.45,104.62,415.77,116.7
431,14.3667,2,car,0.5559,20.99,205.95,631.61,355.06
431,14.3667,2,car,0.3251,396.8,104.04,414.83,116.06
432,14.4,2,car,0.5601,20.55,205.94,631.89,355.13
432,14.4,2,car,0.3255,396.81,104.13,414.82,116.06
433,14.4333,2,car,0.4785,37.86,205.93,631.33,354.92
434,14.4667,2,car,0.2798,41.86,206.15,631.52,355.17
435,14.5,2,car,0.4007,36.87,205.51,630.23,354.74
436,14.5333,2,car,0.479,35.45,205.91,631.82,355.01
436,14.5333,7,truck,0.2868,395.05,88.74,445.29,114.95
437,14.5667,2,car,0.4903,34.82,205.95,632.23,355.07
437,14.5667,7,truck,0.2859,395.05,88.82,445.44,114.97
438,14.6,2,car,0.3695,35.39,205.92,629.16,354.9
439,14.6333,2,car,0.5192,33.54,206.1,630.43,355.23
440,14.6667,2,car,0.5797,34.28,205.05,631.82,354.78
441,14.7,2,car,0.4957,35.23,205.39,629.97,355.1
442,14.7333,2,car,0.5543,35.72,205.32,630.62,355.09
443,14.7667,2,car,0.5523,29.01,205.42,630.25,354.92
444,14.8,2,car,0.4915,35.82,205.39,632.43,355.01
445,14.8333,2,car,0.5673,32.38,205.4,630.07,354.91
445,14.8333,2,car,0.2553,401.02,99.18,424.7,111.13
446,14.8667,2,car,0.3841,25.82,205.5,629.92,354.74
446,14.8667,7,truck,0.298,359.84,65.94,425.67,111.0
447,14.9,2,car,0.4022,26.2,205.39,630.05,354.82
448,14.9333,2,car,0.3162,37.65,205.6,628.95,354.86
450,15.0,2,car,0.4822,26.02,205.69,629.16,354.99
450,15.0,2,car,0.3235,403.53,100.57,428.34,112.57
451,15.0333,2,car,0.375,36.39,206.24,630.49,355.11
452,15.0667,2,car,0.385,36.59,206.17,630.68,355.08
453,15.1,2,car,0.4218,408.21,99.71,428.58,111.69
453,15.1,2,car,0.403,407.51,97.35,425.42,111.39
453,15.1,2,car,0.2805,32.29,206.04,631.51,354.93
455,15.1667,2,car,0.3857,38.64,206.35,627.09,355.36
458,15.2667,2,car,0.3583,38.35,206.35,630.5,355.28
460,15.3333,2,car,0.4567,31.36,206.63,633.13,355.16
461,15.3667,2,car,0.4392,24.19,206.65,631.78,354.88
465,15.5,2,car,0.3459,25.59,206.6,627.85,354.94
465,15.5,2,car,0.2632,459.37,98.49,480.43,110.5
466,15.5333,2,car,0.2926,26.11,206.28,627.74,354.81
467,15.5667,2,car,0.2949,25.58,206.38,625.86,354.89
476,15.8667,2,car,0.409,17.78,206.34,629.55,354.83
477,15.9,2,car,0.3818,17.58,206.36,629.56,354.74
478,15.9333,2,car,0.3215,16.5,205.48,629.19,354.46
480,16.0,2,car,0.3092,18.77,204.79,630.13,355.33
482,16.0667,2,car,0.4494,17.02,204.59,630.17,354.51
482,16.0667,2,car,0.2985,463.26,120.46,475.56,130.25
483,16.1,2,car,0.4989,10.62,204.85,628.69,354.64
484,16.1333,2,car,0.5389,14.31,205.88,628.21,354.62
484,16.1333,2,car,0.2646,456.39,120.91,469.14,129.78
485,16.1667,2,car,0.4506,32.85,204.25,626.47,354.61
485,16.1667,2,car,0.2789,454.96,121.28,466.12,131.25
486,16.2,2,car,0.715,36.78,203.82,625.77,354.86
486,16.2,2,car,0.3648,445.97,117.89,463.52,131.64
486,16.2,2,car,0.2902,449.57,119.91,463.83,131.53
487,16.2333,2,car,0.7039,36.57,203.62,625.49,355.43
487,16.2333,2,car,0.3579,445.95,117.89,463.51,131.65
487,16.2333,2,car,0.2857,449.54,119.89,463.83,131.54
488,16.2667,2,car,0.5347,40.59,204.86,629.11,355.76
488,16.2667,2,car,0.3388,445.59,120.9,461.31,133.23
489,16.3,2,car,0.3187,50.94,205.62,628.71,355.44
489,16.3,2,car,0.2727,447.01,123.88,458.77,134.95
499,16.6333,2,car,0.2974,447.62,120.69,458.48,131.22
